city,lat,lon,datetime,aqi,co,no,no2,o3,so2,pm2_5,pm10,nh3
Antananarivo,-18.8792,47.5079,2026-05-01 00:00:00+00:00,1,80.88,0.0,0.45,24.21,0.07,1.06,2.21,0.26
Antananarivo,-18.8792,47.5079,2026-05-01 01:00:00+00:00,1,74.87,0.0,0.37,27.07,0.08,0.87,1.75,0.22
Antananarivo,-18.8792,47.5079,2026-05-01 02:00:00+00:00,1,71.85,0.0,0.33,28.9,0.07,0.77,1.55,0.2
Antananarivo,-18.8792,47.5079,2026-05-01 03:00:00+00:00,1,70.44,0.0,0.32,30.18,0.07,0.71,1.46,0.19
Antananarivo,-18.8792,47.5079,2026-05-01 04:00:00+00:00,1,70.83,0.0,0.34,31.07,0.09,0.72,1.56,0.22
Antananarivo,-18.8792,47.5079,2026-05-01 05:00:00+00:00,1,72.77,0.04,0.34,30.78,0.11,0.79,1.81,0.29
Antananarivo,-18.8792,47.5079,2026-05-01 06:00:00+00:00,1,74.34,0.06,0.3,31.03,0.12,0.89,2.03,0.35
Antananarivo,-18.8792,47.5079,2026-05-01 07:00:00+00:00,1,68.51,0.05,0.19,34.36,0.11,0.75,1.62,0.26
Antananarivo,-18.8792,47.5079,2026-05-01 08:00:00+00:00,1,66.24,0.04,0.14,34.97,0.11,0.77,1.56,0.25
Antananarivo,-18.8792,47.5079,2026-05-01 09:00:00+00:00,1,65.02,0.03,0.11,34.87,0.11,0.84,1.59,0.25
Antananarivo,-18.8792,47.5079,2026-05-01 10:00:00+00:00,1,64.01,0.03,0.09,37.04,0.11,0.86,1.52,0.25
Antananarivo,-18.8792,47.5079,2026-05-01 11:00:00+00:00,1,63.51,0.03,0.09,38.06,0.11,0.92,1.54,0.25
Antananarivo,-18.8792,47.5079,2026-05-01 12:00:00+00:00,1,63.89,0.03,0.1,37.76,0.12,1.0,1.65,0.28
Antananarivo,-18.8792,47.5079,2026-05-01 13:00:00+00:00,1,68.35,0.04,0.18,35.99,0.14,1.2,2.07,0.4
Antananarivo,-18.8792,47.5079,2026-05-01 14:00:00+00:00,1,75.96,0.04,0.38,32.93,0.16,1.51,2.77,0.59
Antananarivo,-18.8792,47.5079,2026-05-01 15:00:00+00:00,1,84.6,0.0,0.67,30.11,0.18,1.84,3.47,0.7
Antananarivo,-18.8792,47.5079,2026-05-01 16:00:00+00:00,1,98.02,0.0,0.98,26.16,0.21,2.39,4.6,0.81
Antananarivo,-18.8792,47.5079,2026-05-01 17:00:00+00:00,1,117.04,0.0,1.3,22.25,0.24,3.19,6.2,0.84
Antananarivo,-18.8792,47.5079,2026-05-01 18:00:00+00:00,1,133.6,0.0,1.51,19.27,0.25,3.95,7.6,0.79
Antananarivo,-18.8792,47.5079,2026-05-01 19:00:00+00:00,1,145.33,0.0,1.63,16.88,0.25,4.52,8.62,0.75
Antananarivo,-18.8792,47.5079,2026-05-01 20:00:00+00:00,1,150.15,0.0,1.64,15.39,0.21,4.7,8.85,0.57
Antananarivo,-18.8792,47.5079,2026-05-01 21:00:00+00:00,1,145.25,0.0,1.52,14.75,0.15,4.37,8.01,0.39
Antananarivo,-18.8792,47.5079,2026-05-01 22:00:00+00:00,1,132.32,0.0,1.28,14.64,0.11,3.62,6.53,0.33
Antananarivo,-18.8792,47.5079,2026-05-01 23:00:00+00:00,1,128.8,0.0,1.19,13.59,0.09,3.37,6.01,0.34
Antananarivo,-18.8792,47.5079,2026-05-02 00:00:00+00:00,1,127.25,0.0,1.15,12.76,0.08,3.21,5.67,0.4
Antananarivo,-18.8792,47.5079,2026-05-02 01:00:00+00:00,1,124.76,0.0,1.1,12.51,0.08,3.04,5.28,0.45
Antananarivo,-18.8792,47.5079,2026-05-02 02:00:00+00:00,1,121.35,0.0,1.02,12.34,0.07,2.86,4.85,0.37
Antananarivo,-18.8792,47.5079,2026-05-02 03:00:00+00:00,1,118.09,0.0,0.96,12.64,0.07,2.68,4.43,0.3
Antananarivo,-18.8792,47.5079,2026-05-02 04:00:00+00:00,1,116.81,0.03,0.91,13.08,0.1,2.58,4.37,0.31
Antananarivo,-18.8792,47.5079,2026-05-02 05:00:00+00:00,1,118.7,0.2,0.66,14.38,0.13,2.67,4.79,0.42
Antananarivo,-18.8792,47.5079,2026-05-02 06:00:00+00:00,1,120.64,0.22,0.48,18.75,0.17,3.14,5.46,0.62
Antananarivo,-18.8792,47.5079,2026-05-02 07:00:00+00:00,1,87.14,0.08,0.21,39.17,0.16,2.58,3.79,0.42
Antananarivo,-18.8792,47.5079,2026-05-02 08:00:00+00:00,1,82.02,0.05,0.15,42.05,0.15,2.76,3.83,0.38
Antananarivo,-18.8792,47.5079,2026-05-02 09:00:00+00:00,1,78.23,0.04,0.13,42.33,0.14,2.82,3.77,0.35
Antananarivo,-18.8792,47.5079,2026-05-02 10:00:00+00:00,1,73.09,0.03,0.11,44.74,0.11,2.64,3.41,0.29
Antananarivo,-18.8792,47.5079,2026-05-02 11:00:00+00:00,1,71.61,0.04,0.12,45.3,0.1,2.65,3.4,0.29
Antananarivo,-18.8792,47.5079,2026-05-02 12:00:00+00:00,1,71.16,0.04,0.13,45.0,0.11,2.7,3.48,0.31
Antananarivo,-18.8792,47.5079,2026-05-02 13:00:00+00:00,1,77.63,0.06,0.25,40.64,0.13,3.05,4.14,0.5
Antananarivo,-18.8792,47.5079,2026-05-02 14:00:00+00:00,1,88.97,0.07,0.53,34.58,0.17,3.66,5.24,0.75
Antananarivo,-18.8792,47.5079,2026-05-02 15:00:00+00:00,1,100.94,0.01,0.96,29.62,0.19,4.25,6.34,0.91
Antananarivo,-18.8792,47.5079,2026-05-02 16:00:00+00:00,1,114.37,0.0,1.26,25.24,0.23,4.9,7.67,1.07
Antananarivo,-18.8792,47.5079,2026-05-02 17:00:00+00:00,1,130.99,0.0,1.53,21.89,0.26,5.73,9.32,1.3
Antananarivo,-18.8792,47.5079,2026-05-02 18:00:00+00:00,1,145.05,0.0,1.72,19.38,0.28,6.52,10.73,1.44
Antananarivo,-18.8792,47.5079,2026-05-02 19:00:00+00:00,1,154.61,0.0,1.83,17.1,0.28,7.07,11.67,1.38
Antananarivo,-18.8792,47.5079,2026-05-02 20:00:00+00:00,1,159.05,0.0,1.87,15.47,0.24,7.29,11.8,1.13
Antananarivo,-18.8792,47.5079,2026-05-02 21:00:00+00:00,1,155.12,0.0,1.8,14.48,0.18,7.07,10.97,0.86
Antananarivo,-18.8792,47.5079,2026-05-02 22:00:00+00:00,1,147.18,0.0,1.63,13.76,0.13,6.61,9.79,0.55
Antananarivo,-18.8792,47.5079,2026-05-02 23:00:00+00:00,1,141.26,0.0,1.49,13.03,0.09,6.23,8.92,0.35
Antananarivo,-18.8792,47.5079,2026-05-03 00:00:00+00:00,1,134.29,0.0,1.33,13.32,0.07,5.75,8.04,0.27
Antananarivo,-18.8792,47.5079,2026-05-03 01:00:00+00:00,1,117.94,0.0,1.02,16.52,0.07,4.71,6.48,0.26
Antananarivo,-18.8792,47.5079,2026-05-03 02:00:00+00:00,1,110.77,0.0,0.88,17.48,0.06,4.25,5.76,0.26
Antananarivo,-18.8792,47.5079,2026-05-03 03:00:00+00:00,1,106.8,0.0,0.81,18.23,0.07,4.01,5.43,0.3
Antananarivo,-18.8792,47.5079,2026-05-03 04:00:00+00:00,1,106.29,0.03,0.78,18.96,0.1,3.89,5.53,0.42
Antananarivo,-18.8792,47.5079,2026-05-03 05:00:00+00:00,1,107.15,0.17,0.56,20.54,0.13,3.85,5.82,0.59
Antananarivo,-18.8792,47.5079,2026-05-03 06:00:00+00:00,1,104.37,0.17,0.39,24.86,0.15,3.9,5.95,0.64
Antananarivo,-18.8792,47.5079,2026-05-03 07:00:00+00:00,1,81.35,0.05,0.14,36.73,0.13,2.94,4.28,0.39
Antananarivo,-18.8792,47.5079,2026-05-03 08:00:00+00:00,1,77.14,0.03,0.09,38.11,0.13,2.8,4.09,0.37
Antananarivo,-18.8792,47.5079,2026-05-03 09:00:00+00:00,1,75.19,0.03,0.08,38.16,0.14,2.77,4.06,0.37
Antananarivo,-18.8792,47.5079,2026-05-03 10:00:00+00:00,1,72.31,0.02,0.07,41.99,0.11,2.58,3.69,0.3
Antananarivo,-18.8792,47.5079,2026-05-03 11:00:00+00:00,1,70.27,0.02,0.08,44.68,0.1,2.45,3.45,0.28
Antananarivo,-18.8792,47.5079,2026-05-03 12:00:00+00:00,1,69.65,0.02,0.08,44.78,0.1,2.4,3.4,0.28
Antananarivo,-18.8792,47.5079,2026-05-03 13:00:00+00:00,1,75.48,0.05,0.2,40.29,0.12,2.64,3.94,0.45
Antananarivo,-18.8792,47.5079,2026-05-03 14:00:00+00:00,1,86.28,0.07,0.47,34.27,0.16,3.12,4.92,0.69
Antananarivo,-18.8792,47.5079,2026-05-03 15:00:00+00:00,1,97.94,0.01,0.89,29.56,0.18,3.63,5.97,0.87
Antananarivo,-18.8792,47.5079,2026-05-03 16:00:00+00:00,1,111.04,0.0,1.2,25.15,0.21,4.2,7.29,1.01
Antananarivo,-18.8792,47.5079,2026-05-03 17:00:00+00:00,1,128.37,0.0,1.48,21.29,0.24,4.99,9.02,1.11
Antananarivo,-18.8792,47.5079,2026-05-03 18:00:00+00:00,1,144.19,0.0,1.69,18.2,0.24,5.81,10.63,1.06
Antananarivo,-18.8792,47.5079,2026-05-03 19:00:00+00:00,1,154.96,0.01,1.81,15.72,0.24,6.43,11.78,0.99
Antananarivo,-18.8792,47.5079,2026-05-03 20:00:00+00:00,1,161.15,0.01,1.85,13.95,0.21,6.74,12.26,0.81
Antananarivo,-18.8792,47.5079,2026-05-03 21:00:00+00:00,1,158.29,0.01,1.77,12.74,0.14,6.59,11.67,0.56
Antananarivo,-18.8792,47.5079,2026-05-03 22:00:00+00:00,1,152.69,0.01,1.63,12.17,0.11,6.3,10.82,0.44
Antananarivo,-18.8792,47.5079,2026-05-03 23:00:00+00:00,1,148.02,0.01,1.49,12.19,0.09,6.05,10.17,0.37
Antananarivo,-18.8792,47.5079,2026-05-04 00:00:00+00:00,1,142.3,0.01,1.36,12.78,0.08,5.74,9.5,0.33
Antananarivo,-18.8792,47.5079,2026-05-04 01:00:00+00:00,1,136.1,0.0,1.23,13.64,0.07,5.37,8.81,0.31
Antananarivo,-18.8792,47.5079,2026-05-04 02:00:00+00:00,1,130.98,0.0,1.14,14.48,0.07,5.03,8.25,0.32
Antananarivo,-18.8792,47.5079,2026-05-04 03:00:00+00:00,1,128.02,0.0,1.09,15.58,0.08,4.81,8.0,0.38
Antananarivo,-18.8792,47.5079,2026-05-04 04:00:00+00:00,1,128.82,0.05,1.07,18.48,0.14,4.69,8.39,0.59
Antananarivo,-18.8792,47.5079,2026-05-04 05:00:00+00:00,1,134.85,0.27,0.81,21.22,0.19,4.87,9.18,0.85
Antananarivo,-18.8792,47.5079,2026-05-04 06:00:00+00:00,1,136.69,0.25,0.62,27.08,0.23,5.34,9.87,1.01
Antananarivo,-18.8792,47.5079,2026-05-04 07:00:00+00:00,1,86.64,0.05,0.17,45.05,0.18,2.59,4.73,0.49
Antananarivo,-18.8792,47.5079,2026-05-04 08:00:00+00:00,1,80.89,0.04,0.11,46.36,0.19,2.43,4.3,0.46
Antananarivo,-18.8792,47.5079,2026-05-04 09:00:00+00:00,1,79.71,0.03,0.1,45.34,0.2,2.54,4.39,0.47
Antananarivo,-18.8792,47.5079,2026-05-04 10:00:00+00:00,1,75.86,0.03,0.09,49.28,0.17,2.25,3.65,0.37
Antananarivo,-18.8792,47.5079,2026-05-04 11:00:00+00:00,1,73.2,0.02,0.09,51.23,0.14,2.07,3.22,0.33
Antananarivo,-18.8792,47.5079,2026-05-04 12:00:00+00:00,1,72.59,0.03,0.1,50.49,0.14,2.07,3.16,0.33
Antananarivo,-18.8792,47.5079,2026-05-04 13:00:00+00:00,1,79.32,0.05,0.23,45.65,0.16,2.37,3.73,0.49
Antananarivo,-18.8792,47.5079,2026-05-04 14:00:00+00:00,1,91.15,0.06,0.51,39.4,0.19,2.91,4.77,0.71
Antananarivo,-18.8792,47.5079,2026-05-04 15:00:00+00:00,1,103.94,0.0,0.92,34.55,0.22,3.48,5.89,0.92
Antananarivo,-18.8792,47.5079,2026-05-04 16:00:00+00:00,1,115.77,0.0,1.17,30.12,0.25,4.02,7.0,1.09
Antananarivo,-18.8792,47.5079,2026-05-04 17:00:00+00:00,1,127.66,0.0,1.3,26.64,0.25,4.55,8.0,1.04
Antananarivo,-18.8792,47.5079,2026-05-04 18:00:00+00:00,1,135.67,0.0,1.35,24.29,0.22,4.93,8.59,0.8
Antananarivo,-18.8792,47.5079,2026-05-04 19:00:00+00:00,1,129.55,0.0,1.18,23.7,0.19,4.55,7.97,0.56
Antananarivo,-18.8792,47.5079,2026-05-04 20:00:00+00:00,1,129.11,0.0,1.12,22.49,0.16,4.39,7.76,0.39
Antananarivo,-18.8792,47.5079,2026-05-04 21:00:00+00:00,1,123.94,0.0,1.0,21.66,0.12,3.97,6.87,0.27
Antananarivo,-18.8792,47.5079,2026-05-04 22:00:00+00:00,1,119.05,0.0,0.91,20.44,0.09,3.58,5.56,0.25
Antananarivo,-18.8792,47.5079,2026-05-04 23:00:00+00:00,1,117.42,0.0,0.87,18.69,0.08,3.39,5.04,0.27
Antananarivo,-18.8792,47.5079,2026-05-05 00:00:00+00:00,1,116.17,0.0,0.84,17.31,0.08,3.23,4.79,0.31
Antananarivo,-18.8792,47.5079,2026-05-05 01:00:00+00:00,1,115.2,0.0,0.82,16.18,0.08,3.13,4.65,0.34
Antananarivo,-18.8792,47.5079,2026-05-05 02:00:00+00:00,1,114.18,0.0,0.81,15.46,0.08,3.06,4.56,0.35
Antananarivo,-18.8792,47.5079,2026-05-05 03:00:00+00:00,1,114.2,0.0,0.83,15.33,0.09,3.02,4.59,0.37
Antananarivo,-18.8792,47.5079,2026-05-05 04:00:00+00:00,1,119.3,0.03,0.9,15.76,0.13,3.16,5.31,0.44
Antananarivo,-18.8792,47.5079,2026-05-05 05:00:00+00:00,1,126.25,0.2,0.77,17.16,0.17,3.39,6.26,0.54
Antananarivo,-18.8792,47.5079,2026-05-05 06:00:00+00:00,1,127.27,0.22,0.58,21.45,0.19,3.62,6.7,0.71
Antananarivo,-18.8792,47.5079,2026-05-05 07:00:00+00:00,1,81.27,0.05,0.16,38.77,0.15,1.4,2.6,0.35
Antananarivo,-18.8792,47.5079,2026-05-05 08:00:00+00:00,1,74.24,0.03,0.1,41.23,0.15,1.19,2.16,0.32
Antananarivo,-18.8792,47.5079,2026-05-05 09:00:00+00:00,1,72.63,0.03,0.08,40.25,0.16,1.29,2.26,0.33
Antananarivo,-18.8792,47.5079,2026-05-05 10:00:00+00:00,1,71.96,0.03,0.08,41.73,0.16,1.38,2.25,0.31
Antananarivo,-18.8792,47.5079,2026-05-05 11:00:00+00:00,1,70.28,0.02,0.08,43.09,0.15,1.4,2.18,0.29
Antananarivo,-18.8792,47.5079,2026-05-05 12:00:00+00:00,1,69.85,0.02,0.09,42.81,0.15,1.5,2.26,0.29
Antananarivo,-18.8792,47.5079,2026-05-05 13:00:00+00:00,1,74.49,0.04,0.18,40.42,0.16,1.78,2.77,0.43
Antananarivo,-18.8792,47.5079,2026-05-05 14:00:00+00:00,1,83.24,0.04,0.41,37.01,0.19,2.25,3.67,0.68
Antananarivo,-18.8792,47.5079,2026-05-05 15:00:00+00:00,1,93.23,0.0,0.74,34.17,0.22,2.76,4.62,0.87
Antananarivo,-18.8792,47.5079,2026-05-05 16:00:00+00:00,1,106.78,0.0,1.04,30.58,0.26,3.41,5.93,1.09
Antananarivo,-18.8792,47.5079,2026-05-05 17:00:00+00:00,1,125.93,0.0,1.36,26.71,0.31,4.31,7.76,1.34
Antananarivo,-18.8792,47.5079,2026-05-05 18:00:00+00:00,1,143.58,0.0,1.6,23.39,0.33,5.19,9.39,1.44
Antananarivo,-18.8792,47.5079,2026-05-05 19:00:00+00:00,1,156.84,0.0,1.76,20.39,0.34,5.91,10.59,1.36
Antananarivo,-18.8792,47.5079,2026-05-05 20:00:00+00:00,1,165.39,0.0,1.85,17.87,0.28,6.37,11.28,1.04
Antananarivo,-18.8792,47.5079,2026-05-05 21:00:00+00:00,1,164.28,0.0,1.8,15.93,0.2,6.33,10.99,0.68
Antananarivo,-18.8792,47.5079,2026-05-05 22:00:00+00:00,1,160.82,0.0,1.72,14.44,0.15,6.13,10.32,0.53
Antananarivo,-18.8792,47.5079,2026-05-05 23:00:00+00:00,1,158.23,0.0,1.64,13.52,0.13,5.92,9.68,0.51
Antananarivo,-18.8792,47.5079,2026-05-06 00:00:00+00:00,1,153.73,0.0,1.55,13.25,0.12,5.56,8.94,0.56
Antananarivo,-18.8792,47.5079,2026-05-06 01:00:00+00:00,1,147.18,0.0,1.43,13.75,0.12,5.1,8.1,0.58
Antananarivo,-18.8792,47.5079,2026-05-06 02:00:00+00:00,1,143.35,0.0,1.34,13.42,0.11,4.86,7.56,0.48
Antananarivo,-18.8792,47.5079,2026-05-06 03:00:00+00:00,1,141.54,0.01,1.3,13.18,0.1,4.72,7.21,0.41
Antananarivo,-18.8792,47.5079,2026-05-06 04:00:00+00:00,1,143.59,0.05,1.27,13.26,0.13,4.67,7.41,0.42
Antananarivo,-18.8792,47.5079,2026-05-06 05:00:00+00:00,1,147.2,0.31,0.91,15.01,0.18,4.76,8.11,0.54
Antananarivo,-18.8792,47.5079,2026-05-06 06:00:00+00:00,1,148.38,0.29,0.65,20.64,0.22,5.38,9.04,0.8
Antananarivo,-18.8792,47.5079,2026-05-06 07:00:00+00:00,1,95.56,0.09,0.22,33.28,0.21,2.75,4.48,0.58
Antananarivo,-18.8792,47.5079,2026-05-06 08:00:00+00:00,1,87.85,0.05,0.14,35.94,0.19,2.66,4.12,0.5
Antananarivo,-18.8792,47.5079,2026-05-06 09:00:00+00:00,1,83.28,0.04,0.11,36.68,0.18,2.62,3.93,0.45
Antananarivo,-18.8792,47.5079,2026-05-06 10:00:00+00:00,1,75.62,0.03,0.09,40.39,0.15,2.08,3.06,0.34
Antananarivo,-18.8792,47.5079,2026-05-06 11:00:00+00:00,1,72.79,0.03,0.08,42.22,0.14,1.95,2.79,0.31
Antananarivo,-18.8792,47.5079,2026-05-06 12:00:00+00:00,1,71.83,0.03,0.09,42.5,0.14,1.95,2.76,0.3
Antananarivo,-18.8792,47.5079,2026-05-06 13:00:00+00:00,1,78.61,0.06,0.23,39.46,0.16,2.31,3.43,0.48
Antananarivo,-18.8792,47.5079,2026-05-06 14:00:00+00:00,1,91.44,0.07,0.56,34.75,0.19,2.96,4.66,0.74
Antananarivo,-18.8792,47.5079,2026-05-06 15:00:00+00:00,1,105.56,0.01,1.04,30.57,0.22,3.64,5.94,0.94
Antananarivo,-18.8792,47.5079,2026-05-06 16:00:00+00:00,1,123.11,0.0,1.42,25.93,0.25,4.47,7.67,1.08
Antananarivo,-18.8792,47.5079,2026-05-06 17:00:00+00:00,1,146.52,0.0,1.8,21.72,0.28,5.62,10.01,1.13
Antananarivo,-18.8792,47.5079,2026-05-06 18:00:00+00:00,1,168.19,0.0,2.06,18.52,0.29,6.79,12.18,1.08
Antananarivo,-18.8792,47.5079,2026-05-06 19:00:00+00:00,1,183.45,0.01,2.22,16.02,0.31,7.7,13.56,1.11
Antananarivo,-18.8792,47.5079,2026-05-06 20:00:00+00:00,1,192.43,0.01,2.3,14.57,0.3,8.23,14.02,1.12
Antananarivo,-18.8792,47.5079,2026-05-06 21:00:00+00:00,1,189.34,0.01,2.21,13.78,0.25,8.13,13.2,1.04
Antananarivo,-18.8792,47.5079,2026-05-06 22:00:00+00:00,1,181.14,0.01,2.04,13.36,0.2,7.71,11.9,0.97
Antananarivo,-18.8792,47.5079,2026-05-06 23:00:00+00:00,1,174.2,0.0,1.87,13.12,0.17,7.29,10.66,0.85
Antananarivo,-18.8792,47.5079,2026-05-07 00:00:00+00:00,1,165.02,0.0,1.67,13.37,0.13,6.66,9.31,0.59
Antananarivo,-18.8792,47.5079,2026-05-07 01:00:00+00:00,1,151.66,0.0,1.42,14.5,0.09,5.86,8.03,0.32
Antananarivo,-18.8792,47.5079,2026-05-07 02:00:00+00:00,1,144.37,0.0,1.28,14.99,0.08,5.47,7.52,0.29
Antananarivo,-18.8792,47.5079,2026-05-07 03:00:00+00:00,1,140.13,0.0,1.22,15.76,0.08,5.23,7.35,0.37
Antananarivo,-18.8792,47.5079,2026-05-07 04:00:00+00:00,1,138.84,0.05,1.2,17.04,0.13,5.0,7.67,0.57
Antananarivo,-18.8792,47.5079,2026-05-07 05:00:00+00:00,1,141.12,0.28,0.89,20.19,0.17,4.89,8.23,0.75
Antananarivo,-18.8792,47.5079,2026-05-07 06:00:00+00:00,1,138.47,0.26,0.64,27.59,0.2,4.98,8.54,0.87
Antananarivo,-18.8792,47.5079,2026-05-07 07:00:00+00:00,1,76.97,0.05,0.15,49.12,0.13,1.23,2.48,0.34
Antananarivo,-18.8792,47.5079,2026-05-07 08:00:00+00:00,1,71.23,0.03,0.1,50.2,0.13,1.02,2.09,0.33
Antananarivo,-18.8792,47.5079,2026-05-07 09:00:00+00:00,1,70.06,0.03,0.09,49.88,0.14,1.11,2.16,0.34
Antananarivo,-18.8792,47.5079,2026-05-07 10:00:00+00:00,1,69.22,0.03,0.09,53.32,0.13,1.14,2.06,0.33
Antananarivo,-18.8792,47.5079,2026-05-07 11:00:00+00:00,1,68.07,0.03,0.09,55.31,0.13,1.14,1.97,0.31
Antananarivo,-18.8792,47.5079,2026-05-07 12:00:00+00:00,1,67.65,0.03,0.1,55.26,0.13,1.16,1.99,0.32
Antananarivo,-18.8792,47.5079,2026-05-07 13:00:00+00:00,1,74.47,0.05,0.23,52.19,0.17,1.43,2.61,0.53
Antananarivo,-18.8792,47.5079,2026-05-07 14:00:00+00:00,1,86.52,0.05,0.54,49.37,0.25,1.93,3.71,0.93
Antananarivo,-18.8792,47.5079,2026-05-07 15:00:00+00:00,1,98.99,0.0,0.97,46.81,0.33,2.43,4.8,1.34
Antananarivo,-18.8792,47.5079,2026-05-07 16:00:00+00:00,1,112.54,0.0,1.27,42.72,0.42,3.07,6.17,1.71
Antananarivo,-18.8792,47.5079,2026-05-07 17:00:00+00:00,1,128.76,0.0,1.5,38.18,0.47,3.89,7.83,1.9
Antananarivo,-18.8792,47.5079,2026-05-07 18:00:00+00:00,1,140.65,0.0,1.59,34.07,0.44,4.59,9.03,1.67
Antananarivo,-18.8792,47.5079,2026-05-07 19:00:00+00:00,1,139.86,0.0,1.46,30.22,0.28,4.65,8.91,0.71
Antananarivo,-18.8792,47.5079,2026-05-07 20:00:00+00:00,1,146.16,0.0,1.48,26.3,0.2,5.02,9.26,0.42
Antananarivo,-18.8792,47.5079,2026-05-07 21:00:00+00:00,1,145.58,0.0,1.43,23.26,0.14,5.05,8.85,0.32
Antananarivo,-18.8792,47.5079,2026-05-07 22:00:00+00:00,1,141.96,0.0,1.34,21.06,0.1,4.94,8.18,0.29
Antananarivo,-18.8792,47.5079,2026-05-07 23:00:00+00:00,1,138.9,0.0,1.25,19.83,0.09,4.82,7.65,0.27
Antananarivo,-18.8792,47.5079,2026-05-08 00:00:00+00:00,1,134.46,0.0,1.15,19.58,0.08,4.62,7.13,0.27
Antananarivo,-18.8792,47.5079,2026-05-08 01:00:00+00:00,1,129.62,0.0,1.06,20.02,0.07,4.36,6.63,0.27
Antananarivo,-18.8792,47.5079,2026-05-08 02:00:00+00:00,1,126.1,0.0,1.01,20.43,0.07,4.11,6.22,0.27
Antananarivo,-18.8792,47.5079,2026-05-08 03:00:00+00:00,1,125.21,0.0,1.0,20.69,0.08,3.96,6.05,0.3
Antananarivo,-18.8792,47.5079,2026-05-08 04:00:00+00:00,1,130.38,0.03,1.1,20.92,0.13,4.05,6.6,0.39
Antananarivo,-18.8792,47.5079,2026-05-08 05:00:00+00:00,1,137.31,0.24,0.92,22.49,0.17,4.21,7.45,0.54
Antananarivo,-18.8792,47.5079,2026-05-08 06:00:00+00:00,1,138.42,0.26,0.68,28.13,0.2,4.53,8.13,0.75
Antananarivo,-18.8792,47.5079,2026-05-08 07:00:00+00:00,1,82.74,0.06,0.19,47.4,0.16,1.48,2.97,0.39
Antananarivo,-18.8792,47.5079,2026-05-08 08:00:00+00:00,1,75.06,0.04,0.12,49.88,0.14,1.21,2.41,0.35
Antananarivo,-18.8792,47.5079,2026-05-08 09:00:00+00:00,1,72.41,0.03,0.09,49.21,0.14,1.25,2.38,0.35
Antananarivo,-18.8792,47.5079,2026-05-08 10:00:00+00:00,1,68.44,0.02,0.08,51.03,0.13,1.02,1.87,0.29
Antananarivo,-18.8792,47.5079,2026-05-08 11:00:00+00:00,1,66.96,0.02,0.08,50.65,0.13,1.03,1.77,0.28
Antananarivo,-18.8792,47.5079,2026-05-08 12:00:00+00:00,1,67.01,0.02,0.09,49.17,0.13,1.11,1.87,0.3
Antananarivo,-18.8792,47.5079,2026-05-08 13:00:00+00:00,1,72.45,0.04,0.21,45.36,0.16,1.39,2.45,0.45
Antananarivo,-18.8792,47.5079,2026-05-08 14:00:00+00:00,1,82.6,0.04,0.51,40.19,0.19,1.86,3.43,0.69
Antananarivo,-18.8792,47.5079,2026-05-08 15:00:00+00:00,1,93.66,0.0,0.88,36.09,0.22,2.35,4.44,0.86
Antananarivo,-18.8792,47.5079,2026-05-08 16:00:00+00:00,1,104.39,0.0,1.11,32.38,0.24,2.89,5.56,0.97
Antananarivo,-18.8792,47.5079,2026-05-08 17:00:00+00:00,1,115.35,0.0,1.25,29.51,0.24,3.46,6.73,0.99
Antananarivo,-18.8792,47.5079,2026-05-08 18:00:00+00:00,1,123.29,0.0,1.31,27.36,0.23,3.92,7.58,0.81
Antananarivo,-18.8792,47.5079,2026-05-08 19:00:00+00:00,1,130.63,0.0,1.37,24.76,0.21,4.35,8.25,0.56
Antananarivo,-18.8792,47.5079,2026-05-08 20:00:00+00:00,1,138.91,0.0,1.45,22.4,0.18,4.83,8.93,0.42
Antananarivo,-18.8792,47.5079,2026-05-08 21:00:00+00:00,1,138.99,0.0,1.42,20.77,0.13,4.9,8.75,0.33
Antananarivo,-18.8792,47.5079,2026-05-08 22:00:00+00:00,1,134.45,0.0,1.31,19.44,0.1,4.7,8.11,0.29
Antananarivo,-18.8792,47.5079,2026-05-08 23:00:00+00:00,1,128.93,0.0,1.19,18.85,0.08,4.37,7.38,0.27
Antananarivo,-18.8792,47.5079,2026-05-09 00:00:00+00:00,1,121.2,0.0,1.05,19.45,0.07,3.9,6.5,0.27
Antananarivo,-18.8792,47.5079,2026-05-09 01:00:00+00:00,1,111.51,0.0,0.88,21.06,0.07,3.35,5.56,0.27
Antananarivo,-18.8792,47.5079,2026-05-09 02:00:00+00:00,1,107.73,0.0,0.82,21.24,0.07,3.13,5.08,0.25
Antananarivo,-18.8792,47.5079,2026-05-09 03:00:00+00:00,1,105.85,0.0,0.8,21.45,0.07,3.0,4.79,0.24
Antananarivo,-18.8792,47.5079,2026-05-09 04:00:00+00:00,1,106.41,0.02,0.82,22.0,0.09,2.94,4.88,0.28
Antananarivo,-18.8792,47.5079,2026-05-09 05:00:00+00:00,1,108.14,0.15,0.65,23.49,0.12,2.94,5.27,0.4
Antananarivo,-18.8792,47.5079,2026-05-09 06:00:00+00:00,1,108.71,0.17,0.46,27.24,0.15,3.12,5.72,0.59
Antananarivo,-18.8792,47.5079,2026-05-09 07:00:00+00:00,1,76.36,0.05,0.14,42.12,0.14,1.47,2.99,0.34
Antananarivo,-18.8792,47.5079,2026-05-09 08:00:00+00:00,1,72.08,0.03,0.09,43.42,0.15,1.38,2.9,0.33
Antananarivo,-18.8792,47.5079,2026-05-09 09:00:00+00:00,1,70.87,0.03,0.08,43.19,0.16,1.51,3.16,0.34
Antananarivo,-18.8792,47.5079,2026-05-09 10:00:00+00:00,1,67.59,0.02,0.07,46.36,0.13,1.39,2.84,0.27
Antananarivo,-18.8792,47.5079,2026-05-09 11:00:00+00:00,1,65.47,0.02,0.07,47.95,0.12,1.33,2.66,0.24
Antananarivo,-18.8792,47.5079,2026-05-09 12:00:00+00:00,1,64.97,0.02,0.08,47.65,0.12,1.39,2.77,0.25
Antananarivo,-18.8792,47.5079,2026-05-09 13:00:00+00:00,1,70.0,0.04,0.18,44.18,0.14,1.66,3.35,0.39
Antananarivo,-18.8792,47.5079,2026-05-09 14:00:00+00:00,1,79.16,0.05,0.43,40.02,0.17,2.1,4.3,0.63
Antananarivo,-18.8792,47.5079,2026-05-09 15:00:00+00:00,1,89.09,0.0,0.78,37.48,0.22,2.55,5.29,0.92
Antananarivo,-18.8792,47.5079,2026-05-09 16:00:00+00:00,1,99.05,0.0,1.02,34.76,0.28,3.05,6.4,1.19
Antananarivo,-18.8792,47.5079,2026-05-09 17:00:00+00:00,1,109.94,0.0,1.16,31.51,0.29,3.63,7.59,1.21
Antananarivo,-18.8792,47.5079,2026-05-09 18:00:00+00:00,1,118.56,0.0,1.24,28.72,0.24,4.13,8.45,0.91
Antananarivo,-18.8792,47.5079,2026-05-09 19:00:00+00:00,1,123.6,0.0,1.25,25.85,0.18,4.45,8.79,0.52
Antananarivo,-18.8792,47.5079,2026-05-09 20:00:00+00:00,1,127.75,0.0,1.25,23.63,0.15,4.66,8.95,0.36
Antananarivo,-18.8792,47.5079,2026-05-09 21:00:00+00:00,1,124.91,0.0,1.17,22.45,0.1,4.51,8.42,0.29
Antananarivo,-18.8792,47.5079,2026-05-09 22:00:00+00:00,1,116.38,0.0,1.01,22.49,0.08,4.11,7.46,0.27
Antananarivo,-18.8792,47.5079,2026-05-09 23:00:00+00:00,1,112.81,0.0,0.95,21.79,0.07,3.95,6.81,0.26
Antananarivo,-18.8792,47.5079,2026-05-10 00:00:00+00:00,1,110.37,0.0,0.9,21.47,0.06,3.84,6.32,0.25
Antananarivo,-18.8792,47.5079,2026-05-10 01:00:00+00:00,1,107.74,0.0,0.87,21.72,0.06,3.73,5.96,0.24
Antananarivo,-18.8792,47.5079,2026-05-10 02:00:00+00:00,1,106.6,0.0,0.85,22.17,0.06,3.66,5.83,0.25
Antananarivo,-18.8792,47.5079,2026-05-10 03:00:00+00:00,1,106.74,0.0,0.87,23.04,0.07,3.63,5.89,0.29
Antananarivo,-18.8792,47.5079,2026-05-10 04:00:00+00:00,1,110.01,0.02,0.93,24.58,0.1,3.66,6.46,0.42
Antananarivo,-18.8792,47.5079,2026-05-10 05:00:00+00:00,1,113.79,0.19,0.75,27.81,0.14,3.67,7.07,0.61
Antananarivo,-18.8792,47.5079,2026-05-10 06:00:00+00:00,1,112.48,0.19,0.53,34.08,0.17,3.67,7.2,0.74
Antananarivo,-18.8792,47.5079,2026-05-10 07:00:00+00:00,1,71.32,0.04,0.13,53.47,0.13,1.17,2.76,0.31
Antananarivo,-18.8792,47.5079,2026-05-10 08:00:00+00:00,1,67.5,0.03,0.09,53.08,0.14,1.0,2.41,0.3
Antananarivo,-18.8792,47.5079,2026-05-10 09:00:00+00:00,1,66.93,0.02,0.08,51.08,0.15,1.11,2.52,0.32
Antananarivo,-18.8792,47.5079,2026-05-10 10:00:00+00:00,1,65.3,0.02,0.08,52.53,0.13,1.08,2.26,0.29
Antananarivo,-18.8792,47.5079,2026-05-10 11:00:00+00:00,1,64.67,0.02,0.09,52.68,0.12,1.11,2.2,0.3
Antananarivo,-18.8792,47.5079,2026-05-10 12:00:00+00:00,1,65.16,0.03,0.1,51.53,0.13,1.2,2.3,0.34
Antananarivo,-18.8792,47.5079,2026-05-10 13:00:00+00:00,1,71.05,0.05,0.22,47.21,0.15,1.46,2.79,0.49
Antananarivo,-18.8792,47.5079,2026-05-10 14:00:00+00:00,1,80.65,0.05,0.47,41.51,0.17,1.86,3.55,0.68
Antananarivo,-18.8792,47.5079,2026-05-10 15:00:00+00:00,1,90.19,0.0,0.8,37.26,0.19,2.23,4.25,0.81
Antananarivo,-18.8792,47.5079,2026-05-10 16:00:00+00:00,1,100.17,0.0,1.03,32.99,0.2,2.67,5.15,0.91
Antananarivo,-18.8792,47.5079,2026-05-10 17:00:00+00:00,1,113.7,0.0,1.23,29.16,0.22,3.28,6.38,0.98
Antananarivo,-18.8792,47.5079,2026-05-10 18:00:00+00:00,1,125.91,0.0,1.38,26.11,0.22,3.89,7.53,1.04
Antananarivo,-18.8792,47.5079,2026-05-10 19:00:00+00:00,1,135.9,0.0,1.5,22.96,0.22,4.45,8.49,1.02
Antananarivo,-18.8792,47.5079,2026-05-10 20:00:00+00:00,1,143.9,0.0,1.58,20.16,0.2,4.89,9.12,0.81
Antananarivo,-18.8792,47.5079,2026-05-10 21:00:00+00:00,1,143.27,0.0,1.54,18.03,0.14,4.88,8.77,0.56
Antananarivo,-18.8792,47.5079,2026-05-10 22:00:00+00:00,1,139.39,0.0,1.45,16.43,0.12,4.69,8.15,0.48
Antananarivo,-18.8792,47.5079,2026-05-10 23:00:00+00:00,1,136.2,0.0,1.35,15.93,0.11,4.47,7.6,0.48
Antananarivo,-18.8792,47.5079,2026-05-11 00:00:00+00:00,1,131.88,0.0,1.24,16.56,0.1,4.18,7.04,0.49
Antananarivo,-18.8792,47.5079,2026-05-12 01:00:00+00:00,1,130.91,0.0,1.13,16.62,0.12,3.74,5.84,0.43
Antananarivo,-18.8792,47.5079,2026-05-12 02:00:00+00:00,1,124.48,0.01,1.0,16.9,0.11,3.32,5.02,0.35
Antananarivo,-18.8792,47.5079,2026-05-12 03:00:00+00:00,1,119.9,0.0,0.92,17.57,0.11,3.03,4.51,0.3
Antananarivo,-18.8792,47.5079,2026-05-12 04:00:00+00:00,1,113.56,0.02,0.81,19.41,0.12,2.63,4.16,0.32
Antananarivo,-18.8792,47.5079,2026-05-12 05:00:00+00:00,1,111.07,0.13,0.59,20.55,0.15,2.47,4.31,0.41
Antananarivo,-18.8792,47.5079,2026-05-12 06:00:00+00:00,1,108.28,0.16,0.4,23.58,0.17,2.51,4.54,0.51
Antananarivo,-18.8792,47.5079,2026-05-12 07:00:00+00:00,1,82.71,0.06,0.17,32.87,0.15,1.4,2.65,0.37
Antananarivo,-18.8792,47.5079,2026-05-12 08:00:00+00:00,1,77.52,0.04,0.11,34.43,0.16,1.34,2.46,0.37
Antananarivo,-18.8792,47.5079,2026-05-12 09:00:00+00:00,1,75.65,0.04,0.1,34.62,0.16,1.47,2.58,0.37
Antananarivo,-18.8792,47.5079,2026-05-12 10:00:00+00:00,1,71.09,0.03,0.09,38.01,0.14,1.4,2.29,0.32
Antananarivo,-18.8792,47.5079,2026-05-12 11:00:00+00:00,1,69.12,0.03,0.09,40.2,0.12,1.44,2.24,0.31
Antananarivo,-18.8792,47.5079,2026-05-12 12:00:00+00:00,1,69.24,0.03,0.11,40.71,0.12,1.53,2.36,0.33
Antananarivo,-18.8792,47.5079,2026-05-12 13:00:00+00:00,1,75.05,0.05,0.23,38.57,0.15,1.83,2.93,0.47
Antananarivo,-18.8792,47.5079,2026-05-12 14:00:00+00:00,1,85.81,0.05,0.52,34.89,0.19,2.33,3.93,0.69
Antananarivo,-18.8792,47.5079,2026-05-12 15:00:00+00:00,1,97.72,0.0,0.92,31.78,0.21,2.84,4.98,0.85
Antananarivo,-18.8792,47.5079,2026-05-12 16:00:00+00:00,1,112.85,0.0,1.25,27.8,0.24,3.53,6.51,0.98
Antananarivo,-18.8792,47.5079,2026-05-12 17:00:00+00:00,1,134.57,0.0,1.59,23.69,0.27,4.55,8.7,1.09
Antananarivo,-18.8792,47.5079,2026-05-12 18:00:00+00:00,1,154.72,0.0,1.84,20.24,0.27,5.61,10.66,0.96
Antananarivo,-18.8792,47.5079,2026-05-12 19:00:00+00:00,1,168.69,0.01,1.98,17.52,0.27,6.43,11.87,0.85
Antananarivo,-18.8792,47.5079,2026-05-12 20:00:00+00:00,1,175.71,0.01,2.0,16.06,0.23,6.86,12.28,0.71
Antananarivo,-18.8792,47.5079,2026-05-12 21:00:00+00:00,1,170.71,0.0,1.87,15.67,0.16,6.66,11.48,0.52
Antananarivo,-18.8792,47.5079,2026-05-12 22:00:00+00:00,1,160.71,0.0,1.66,15.81,0.12,6.14,10.21,0.41
Antananarivo,-18.8792,47.5079,2026-05-12 23:00:00+00:00,1,154.54,0.0,1.51,15.38,0.1,5.79,9.3,0.37
Antananarivo,-18.8792,47.5079,2026-05-13 00:00:00+00:00,1,148.22,0.0,1.37,15.19,0.09,5.49,8.55,0.35
Antananarivo,-18.8792,47.5079,2026-05-13 01:00:00+00:00,1,140.85,0.0,1.22,16.02,0.08,5.08,7.84,0.34
Antananarivo,-18.8792,47.5079,2026-05-13 02:00:00+00:00,1,134.95,0.0,1.13,17.09,0.08,4.75,7.42,0.37
Antananarivo,-18.8792,47.5079,2026-05-13 03:00:00+00:00,1,132.22,0.01,1.11,18.37,0.1,4.57,7.35,0.48
Antananarivo,-18.8792,47.5079,2026-05-13 04:00:00+00:00,1,135.85,0.04,1.18,20.33,0.16,4.61,8.03,0.66
Antananarivo,-18.8792,47.5079,2026-05-13 05:00:00+00:00,1,141.39,0.27,0.95,23.53,0.2,4.77,8.87,0.72
Antananarivo,-18.8792,47.5079,2026-05-13 06:00:00+00:00,1,143.16,0.27,0.71,30.61,0.22,5.25,9.58,0.92
Antananarivo,-18.8792,47.5079,2026-05-13 07:00:00+00:00,1,83.62,0.06,0.19,52.07,0.2,1.63,3.45,0.48
Antananarivo,-18.8792,47.5079,2026-05-13 08:00:00+00:00,1,76.02,0.03,0.12,55.48,0.2,1.34,2.8,0.43
Antananarivo,-18.8792,47.5079,2026-05-13 09:00:00+00:00,1,74.0,0.03,0.1,55.55,0.2,1.45,2.87,0.43
Antananarivo,-18.8792,47.5079,2026-05-13 10:00:00+00:00,1,71.7,0.03,0.09,58.33,0.18,1.41,2.59,0.38
Antananarivo,-18.8792,47.5079,2026-05-13 11:00:00+00:00,1,69.96,0.03,0.09,59.25,0.16,1.4,2.43,0.35
Antananarivo,-18.8792,47.5079,2026-05-13 12:00:00+00:00,1,69.55,0.03,0.11,58.41,0.15,1.44,2.47,0.36
Antananarivo,-18.8792,47.5079,2026-05-13 13:00:00+00:00,1,76.32,0.05,0.25,53.61,0.18,1.75,3.12,0.52
Antananarivo,-18.8792,47.5079,2026-05-13 14:00:00+00:00,1,88.56,0.05,0.56,47.4,0.23,2.28,4.19,0.76
Antananarivo,-18.8792,47.5079,2026-05-13 15:00:00+00:00,1,101.21,0.0,0.98,42.44,0.25,2.77,5.23,0.95
Antananarivo,-18.8792,47.5079,2026-05-13 16:00:00+00:00,1,115.5,0.0,1.29,36.99,0.28,3.4,6.62,1.1
Antananarivo,-18.8792,47.5079,2026-05-13 17:00:00+00:00,1,134.24,0.0,1.57,32.12,0.28,4.25,8.33,1.18
Antananarivo,-18.8792,47.5079,2026-05-13 18:00:00+00:00,1,148.95,0.0,1.73,28.74,0.26,4.92,9.55,0.98
Antananarivo,-18.8792,47.5079,2026-05-13 19:00:00+00:00,1,156.79,0.0,1.76,25.85,0.24,5.28,9.96,0.73
Antananarivo,-18.8792,47.5079,2026-05-13 20:00:00+00:00,1,165.56,0.0,1.82,22.66,0.21,5.67,10.35,0.65
Antananarivo,-18.8792,47.5079,2026-05-13 21:00:00+00:00,1,164.32,0.0,1.76,20.17,0.16,5.53,9.72,0.56
Antananarivo,-18.8792,47.5079,2026-05-13 22:00:00+00:00,1,158.28,0.0,1.62,18.88,0.13,5.18,8.82,0.54
Antananarivo,-18.8792,47.5079,2026-05-13 23:00:00+00:00,1,149.67,0.0,1.43,19.15,0.12,4.7,7.88,0.57
Antananarivo,-18.8792,47.5079,2026-05-14 00:00:00+00:00,1,139.85,0.0,1.25,20.99,0.11,4.15,6.94,0.61
Antananarivo,-18.8792,47.5079,2026-05-14 01:00:00+00:00,1,127.59,0.0,1.06,24.36,0.11,3.51,5.93,0.6
Antananarivo,-18.8792,47.5079,2026-05-14 02:00:00+00:00,1,119.59,0.0,0.95,25.98,0.1,3.11,5.34,0.49
Antananarivo,-18.8792,47.5079,2026-05-14 03:00:00+00:00,1,115.7,0.0,0.9,27.35,0.1,2.91,5.1,0.4
Antananarivo,-18.8792,47.5079,2026-05-14 04:00:00+00:00,1,116.74,0.02,0.94,28.54,0.13,2.88,5.43,0.41
Antananarivo,-18.8792,47.5079,2026-05-14 05:00:00+00:00,1,121.29,0.17,0.81,28.76,0.16,3.01,6.06,0.46
Antananarivo,-18.8792,47.5079,2026-05-14 06:00:00+00:00,1,120.33,0.2,0.58,32.09,0.18,3.17,6.35,0.58
Antananarivo,-18.8792,47.5079,2026-05-14 07:00:00+00:00,1,77.1,0.05,0.16,44.42,0.15,1.25,2.67,0.34
Antananarivo,-18.8792,47.5079,2026-05-14 08:00:00+00:00,1,71.32,0.03,0.11,43.88,0.15,1.2,2.46,0.32
Antananarivo,-18.8792,47.5079,2026-05-14 09:00:00+00:00,1,69.56,0.03,0.09,42.89,0.15,1.37,2.6,0.31
Antananarivo,-18.8792,47.5079,2026-05-14 10:00:00+00:00,1,65.46,0.03,0.09,49.4,0.11,1.28,2.26,0.24
Antananarivo,-18.8792,47.5079,2026-05-14 11:00:00+00:00,1,63.57,0.02,0.09,54.69,0.1,1.23,2.11,0.21
Antananarivo,-18.8792,47.5079,2026-05-14 12:00:00+00:00,1,63.21,0.02,0.1,56.02,0.1,1.24,2.16,0.22
Antananarivo,-18.8792,47.5079,2026-05-14 13:00:00+00:00,1,65.84,0.03,0.15,54.67,0.12,1.33,2.48,0.31
Antananarivo,-18.8792,47.5079,2026-05-14 14:00:00+00:00,1,71.03,0.02,0.27,51.41,0.15,1.5,3.04,0.47
Antananarivo,-18.8792,47.5079,2026-05-14 15:00:00+00:00,1,76.64,0.0,0.43,48.59,0.17,1.7,3.63,0.57
Antananarivo,-18.8792,47.5079,2026-05-14 16:00:00+00:00,1,85.76,0.0,0.65,43.44,0.19,2.11,4.63,0.67
Antananarivo,-18.8792,47.5079,2026-05-14 17:00:00+00:00,1,101.43,0.0,0.93,38.32,0.21,2.82,6.2,0.79
Antananarivo,-18.8792,47.5079,2026-05-14 18:00:00+00:00,1,115.18,0.0,1.11,34.65,0.21,3.52,7.58,0.82
Antananarivo,-18.8792,47.5079,2026-05-14 19:00:00+00:00,1,124.39,0.0,1.2,31.66,0.21,4.06,8.3,0.76
Antananarivo,-18.8792,47.5079,2026-05-14 20:00:00+00:00,1,130.09,0.0,1.24,29.93,0.18,4.39,8.45,0.65
Antananarivo,-18.8792,47.5079,2026-05-14 21:00:00+00:00,1,128.2,0.0,1.18,28.91,0.14,4.35,7.8,0.5
Antananarivo,-18.8792,47.5079,2026-05-14 22:00:00+00:00,1,123.1,0.0,1.08,28.53,0.11,4.14,7.03,0.42
Antananarivo,-18.8792,47.5079,2026-05-14 23:00:00+00:00,1,118.23,0.0,0.97,29.12,0.1,3.91,6.48,0.42
Antananarivo,-18.8792,47.5079,2026-05-15 00:00:00+00:00,1,112.88,0.0,0.86,30.65,0.09,3.64,6.01,0.44
Antananarivo,-18.8792,47.5079,2026-05-15 01:00:00+00:00,1,107.85,0.0,0.78,32.38,0.09,3.35,5.56,0.47
Antananarivo,-18.8792,47.5079,2026-05-15 02:00:00+00:00,1,105.19,0.0,0.75,33.56,0.09,3.15,5.25,0.47
Antananarivo,-18.8792,47.5079,2026-05-15 03:00:00+00:00,1,104.46,0.0,0.75,34.99,0.1,3.02,5.11,0.48
Antananarivo,-18.8792,47.5079,2026-05-15 04:00:00+00:00,1,107.87,0.01,0.83,36.68,0.13,3.02,5.51,0.53
Antananarivo,-18.8792,47.5079,2026-05-15 05:00:00+00:00,1,112.76,0.09,0.82,37.8,0.16,3.01,6.05,0.58
Antananarivo,-18.8792,47.5079,2026-05-15 06:00:00+00:00,1,112.31,0.13,0.63,41.05,0.17,2.88,6.06,0.66
Antananarivo,-18.8792,47.5079,2026-05-15 07:00:00+00:00,2,74.9,0.03,0.16,63.01,0.13,1.13,2.96,0.31
Antananarivo,-18.8792,47.5079,2026-05-15 08:00:00+00:00,2,70.02,0.02,0.1,63.73,0.13,0.97,2.58,0.29
Antananarivo,-18.8792,47.5079,2026-05-15 09:00:00+00:00,2,68.39,0.02,0.08,62.16,0.13,0.99,2.52,0.29
Antananarivo,-18.8792,47.5079,2026-05-15 10:00:00+00:00,2,65.63,0.01,0.07,66.23,0.11,0.91,2.18,0.24
Antananarivo,-18.8792,47.5079,2026-05-15 11:00:00+00:00,2,63.95,0.01,0.07,68.6,0.11,0.91,2.06,0.23
Antananarivo,-18.8792,47.5079,2026-05-15 12:00:00+00:00,2,63.75,0.02,0.08,68.56,0.11,0.98,2.15,0.25
Antananarivo,-18.8792,47.5079,2026-05-15 13:00:00+00:00,2,69.28,0.03,0.19,65.2,0.14,1.23,2.69,0.41
Antananarivo,-18.8792,47.5079,2026-05-15 14:00:00+00:00,1,78.83,0.03,0.43,59.73,0.17,1.63,3.53,0.62
Antananarivo,-18.8792,47.5079,2026-05-15 15:00:00+00:00,1,89.13,0.0,0.75,54.84,0.19,2.05,4.38,0.77
Antananarivo,-18.8792,47.5079,2026-05-15 16:00:00+00:00,1,98.6,0.0,0.95,49.74,0.21,2.5,5.26,0.85
Antananarivo,-18.8792,47.5079,2026-05-15 17:00:00+00:00,1,108.45,0.0,1.07,45.72,0.22,2.96,6.16,0.9
Antananarivo,-18.8792,47.5079,2026-05-15 18:00:00+00:00,1,115.44,0.0,1.11,42.78,0.21,3.32,6.77,0.89
Antananarivo,-18.8792,47.5079,2026-05-15 19:00:00+00:00,1,120.7,0.0,1.12,39.3,0.2,3.58,7.16,0.79
Antananarivo,-18.8792,47.5079,2026-05-15 20:00:00+00:00,1,127.85,0.0,1.18,35.76,0.18,3.88,7.54,0.61
Antananarivo,-18.8792,47.5079,2026-05-15 21:00:00+00:00,1,127.94,0.0,1.15,33.23,0.14,3.86,7.21,0.45
Antananarivo,-18.8792,47.5079,2026-05-15 22:00:00+00:00,1,124.15,0.0,1.07,31.65,0.11,3.67,6.58,0.39
Antananarivo,-18.8792,47.5079,2026-05-15 23:00:00+00:00,1,120.56,0.0,0.98,31.36,0.09,3.47,6.06,0.34
Antananarivo,-18.8792,47.5079,2026-05-16 00:00:00+00:00,1,115.8,0.0,0.89,32.52,0.07,3.27,5.63,0.3
Antananarivo,-18.8792,47.5079,2026-05-16 01:00:00+00:00,1,111.7,0.0,0.81,34.05,0.07,3.11,5.36,0.27
Antananarivo,-18.8792,47.5079,2026-05-16 02:00:00+00:00,1,109.75,0.0,0.79,33.55,0.06,3.04,5.28,0.26
Antananarivo,-18.8792,47.5079,2026-05-16 03:00:00+00:00,1,109.01,0.0,0.8,33.25,0.06,3.01,5.31,0.26
Antananarivo,-18.8792,47.5079,2026-05-16 04:00:00+00:00,1,111.23,0.01,0.87,33.11,0.09,3.08,5.73,0.34
Antananarivo,-18.8792,47.5079,2026-05-16 05:00:00+00:00,1,114.36,0.12,0.76,34.4,0.13,3.16,6.27,0.49
Antananarivo,-18.8792,47.5079,2026-05-16 06:00:00+00:00,1,113.9,0.16,0.54,38.73,0.15,3.25,6.55,0.63
Antananarivo,-18.8792,47.5079,2026-05-16 07:00:00+00:00,1,72.79,0.04,0.13,52.03,0.11,1.12,2.53,0.27
Antananarivo,-18.8792,47.5079,2026-05-16 08:00:00+00:00,1,67.32,0.02,0.08,49.86,0.11,0.96,2.15,0.26
Antananarivo,-18.8792,47.5079,2026-05-16 09:00:00+00:00,1,66.12,0.02,0.06,47.48,0.12,1.05,2.23,0.27
Antananarivo,-18.8792,47.5079,2026-05-16 10:00:00+00:00,1,63.83,0.02,0.05,48.83,0.11,0.92,1.86,0.23
Antananarivo,-18.8792,47.5079,2026-05-16 11:00:00+00:00,1,62.12,0.02,0.06,50.62,0.1,0.86,1.64,0.21
Antananarivo,-18.8792,47.5079,2026-05-16 12:00:00+00:00,1,61.74,0.02,0.07,51.01,0.1,0.88,1.63,0.21
Antananarivo,-18.8792,47.5079,2026-05-16 13:00:00+00:00,1,65.2,0.03,0.14,49.13,0.11,1.03,1.96,0.33
Antananarivo,-18.8792,47.5079,2026-05-16 14:00:00+00:00,1,71.57,0.03,0.32,45.31,0.14,1.3,2.57,0.52
Antananarivo,-18.8792,47.5079,2026-05-16 15:00:00+00:00,1,78.67,0.0,0.56,41.91,0.16,1.6,3.18,0.65
Antananarivo,-18.8792,47.5079,2026-05-16 16:00:00+00:00,1,90.54,0.0,0.84,36.52,0.18,2.13,4.26,0.79
Antananarivo,-18.8792,47.5079,2026-05-16 17:00:00+00:00,1,108.68,0.0,1.17,31.05,0.21,2.93,5.92,0.95
Antananarivo,-18.8792,47.5079,2026-05-16 18:00:00+00:00,1,125.1,0.0,1.41,26.82,0.22,3.74,7.49,1.08
Antananarivo,-18.8792,47.5079,2026-05-16 19:00:00+00:00,1,137.18,0.0,1.58,23.61,0.24,4.4,8.76,1.24
Antananarivo,-18.8792,47.5079,2026-05-16 20:00:00+00:00,1,143.38,0.0,1.66,22.1,0.24,4.72,9.24,1.21
Antananarivo,-18.8792,47.5079,2026-05-16 21:00:00+00:00,1,139.91,0.0,1.6,21.97,0.2,4.53,8.7,1.04
Antananarivo,-18.8792,47.5079,2026-05-16 22:00:00+00:00,1,131.62,0.0,1.44,22.77,0.16,4.1,7.7,0.92
Antananarivo,-18.8792,47.5079,2026-05-16 23:00:00+00:00,1,125.22,0.0,1.3,22.93,0.14,3.77,6.97,0.83
Antananarivo,-18.8792,47.5079,2026-05-17 00:00:00+00:00,1,120.28,0.0,1.18,22.74,0.11,3.51,6.39,0.69
Antananarivo,-18.8792,47.5079,2026-05-17 01:00:00+00:00,1,115.08,0.0,1.06,22.52,0.09,3.21,5.76,0.45
Antananarivo,-18.8792,47.5079,2026-05-17 02:00:00+00:00,1,109.67,0.0,0.95,22.71,0.07,2.88,5.1,0.34
Antananarivo,-18.8792,47.5079,2026-05-17 03:00:00+00:00,1,104.19,0.0,0.83,23.81,0.08,2.54,4.52,0.31
Antananarivo,-18.8792,47.5079,2026-05-17 04:00:00+00:00,1,101.4,0.01,0.78,25.54,0.1,2.31,4.33,0.34
Antananarivo,-18.8792,47.5079,2026-05-17 05:00:00+00:00,1,102.93,0.08,0.69,26.41,0.13,2.29,4.54,0.42
Antananarivo,-18.8792,47.5079,2026-05-17 06:00:00+00:00,1,101.28,0.11,0.51,29.79,0.15,2.24,4.55,0.55
Antananarivo,-18.8792,47.5079,2026-05-17 07:00:00+00:00,1,68.95,0.03,0.14,47.59,0.1,0.81,1.65,0.23
Antananarivo,-18.8792,47.5079,2026-05-17 08:00:00+00:00,1,64.24,0.02,0.08,48.89,0.08,0.64,1.2,0.19
Antananarivo,-18.8792,47.5079,2026-05-17 09:00:00+00:00,1,63.22,0.01,0.06,47.6,0.08,0.66,1.15,0.19
Antananarivo,-18.8792,47.5079,2026-05-17 10:00:00+00:00,1,64.06,0.02,0.07,46.45,0.09,0.77,1.28,0.22
Antananarivo,-18.8792,47.5079,2026-05-17 11:00:00+00:00,1,65.02,0.02,0.09,45.19,0.1,0.9,1.47,0.26
Antananarivo,-18.8792,47.5079,2026-05-17 12:00:00+00:00,1,65.92,0.02,0.11,44.46,0.1,1.03,1.66,0.31
Antananarivo,-18.8792,47.5079,2026-05-17 13:00:00+00:00,1,68.28,0.02,0.16,43.7,0.12,1.19,1.96,0.39
Antananarivo,-18.8792,47.5079,2026-05-17 14:00:00+00:00,1,70.96,0.01,0.25,41.9,0.13,1.39,2.3,0.43
Antananarivo,-18.8792,47.5079,2026-05-17 15:00:00+00:00,1,73.45,0.0,0.35,40.59,0.13,1.58,2.6,0.4
Antananarivo,-18.8792,47.5079,2026-05-17 16:00:00+00:00,1,80.58,0.0,0.53,36.89,0.14,1.9,3.25,0.49
Antananarivo,-18.8792,47.5079,2026-05-17 17:00:00+00:00,1,94.0,0.0,0.79,32.36,0.17,2.42,4.35,0.62
Antananarivo,-18.8792,47.5079,2026-05-17 18:00:00+00:00,1,106.33,0.0,0.99,28.81,0.18,2.93,5.36,0.63
Antananarivo,-18.8792,47.5079,2026-05-17 19:00:00+00:00,1,118.13,0.0,1.17,25.32,0.19,3.45,6.32,0.64
Antananarivo,-18.8792,47.5079,2026-05-17 20:00:00+00:00,1,128.37,0.0,1.33,22.04,0.18,3.91,7.06,0.62
Antananarivo,-18.8792,47.5079,2026-05-17 21:00:00+00:00,1,131.78,0.0,1.39,19.39,0.14,4.05,7.05,0.56
Antananarivo,-18.8792,47.5079,2026-05-17 22:00:00+00:00,1,134.45,0.0,1.43,17.53,0.13,4.16,7.01,0.64
Antananarivo,-18.8792,47.5079,2026-05-17 23:00:00+00:00,1,138.51,0.0,1.49,16.29,0.14,4.34,7.2,0.78
Antananarivo,-18.8792,47.5079,2026-05-18 00:00:00+00:00,1,141.88,0.0,1.54,15.29,0.16,4.48,7.36,0.98
Antananarivo,-18.8792,47.5079,2026-05-18 01:00:00+00:00,1,143.78,0.0,1.56,14.49,0.18,4.57,7.44,1.16
Antananarivo,-18.8792,47.5079,2026-05-18 02:00:00+00:00,1,144.86,0.01,1.55,13.86,0.16,4.62,7.45,1.08
Antananarivo,-18.8792,47.5079,2026-05-18 03:00:00+00:00,1,146.24,0.01,1.54,13.74,0.15,4.67,7.18,0.96
Antananarivo,-18.8792,47.5079,2026-05-18 04:00:00+00:00,1,150.51,0.04,1.54,14.74,0.17,4.77,7.56,0.74
Antananarivo,-18.8792,47.5079,2026-05-18 05:00:00+00:00,1,156.72,0.32,1.18,16.64,0.2,4.97,8.56,0.65
Antananarivo,-18.8792,47.5079,2026-05-18 06:00:00+00:00,1,156.66,0.31,0.85,22.28,0.21,5.44,9.29,0.79
Antananarivo,-18.8792,47.5079,2026-05-18 07:00:00+00:00,1,78.85,0.05,0.17,40.14,0.15,1.33,2.56,0.33
Antananarivo,-18.8792,47.5079,2026-05-18 08:00:00+00:00,1,70.53,0.03,0.1,41.84,0.12,1.05,2.01,0.28
Antananarivo,-18.8792,47.5079,2026-05-18 09:00:00+00:00,1,69.14,0.02,0.08,41.28,0.12,1.09,2.02,0.29
Antananarivo,-18.8792,47.5079,2026-05-18 10:00:00+00:00,1,68.88,0.02,0.08,42.08,0.12,1.17,1.97,0.29
Antananarivo,-18.8792,47.5079,2026-05-18 11:00:00+00:00,1,69.0,0.02,0.09,42.22,0.13,1.3,2.07,0.31
Antananarivo,-18.8792,47.5079,2026-05-18 12:00:00+00:00,1,69.57,0.03,0.11,41.83,0.14,1.4,2.21,0.34
Antananarivo,-18.8792,47.5079,2026-05-18 13:00:00+00:00,1,75.78,0.05,0.24,39.16,0.16,1.65,2.71,0.51
Antananarivo,-18.8792,47.5079,2026-05-18 14:00:00+00:00,1,86.9,0.04,0.55,35.06,0.19,2.02,3.5,0.72
Antananarivo,-18.8792,47.5079,2026-05-18 15:00:00+00:00,1,99.0,0.0,0.93,31.29,0.21,2.39,4.29,0.86
Antananarivo,-18.8792,47.5079,2026-05-18 16:00:00+00:00,1,110.38,0.0,1.17,27.89,0.22,2.81,5.22,1.0
Antananarivo,-18.8792,47.5079,2026-05-18 17:00:00+00:00,1,120.93,0.0,1.29,25.55,0.22,3.23,6.07,0.99
Antananarivo,-18.8792,47.5079,2026-05-18 18:00:00+00:00,1,126.64,0.0,1.31,24.22,0.2,3.45,6.43,0.73
Antananarivo,-18.8792,47.5079,2026-05-18 19:00:00+00:00,1,125.65,0.0,1.22,23.16,0.18,3.36,6.32,0.49
Antananarivo,-18.8792,47.5079,2026-05-18 20:00:00+00:00,1,125.2,0.0,1.17,21.88,0.16,3.27,6.26,0.37
Antananarivo,-18.8792,47.5079,2026-05-18 21:00:00+00:00,1,120.2,0.0,1.07,20.92,0.12,2.95,5.58,0.29
Antananarivo,-18.8792,47.5079,2026-05-18 22:00:00+00:00,1,117.28,0.0,1.02,19.36,0.09,2.75,4.69,0.3
Antananarivo,-18.8792,47.5079,2026-05-18 23:00:00+00:00,1,117.6,0.0,1.02,17.69,0.09,2.73,4.35,0.42
Antananarivo,-18.8792,47.5079,2026-05-19 00:00:00+00:00,1,117.41,0.0,1.01,16.7,0.1,2.69,4.22,0.57
Antananarivo,-18.8792,47.5079,2026-05-20 01:00:00+00:00,1,155.27,0.0,1.59,19.58,0.18,5.5,8.8,1.11
Antananarivo,-18.8792,47.5079,2026-05-20 02:00:00+00:00,1,151.29,0.0,1.52,19.64,0.16,5.22,8.28,1.03
Antananarivo,-18.8792,47.5079,2026-05-20 03:00:00+00:00,1,147.5,0.0,1.45,20.66,0.17,4.94,7.83,1.0
Antananarivo,-18.8792,47.5079,2026-05-20 04:00:00+00:00,1,144.25,0.02,1.4,23.2,0.22,4.59,7.82,1.16
Antananarivo,-18.8792,47.5079,2026-05-20 05:00:00+00:00,1,144.81,0.2,1.13,25.53,0.28,4.47,8.23,1.39
Antananarivo,-18.8792,47.5079,2026-05-20 06:00:00+00:00,1,144.88,0.24,0.77,30.11,0.3,4.79,8.75,1.4
Antananarivo,-18.8792,47.5079,2026-05-20 07:00:00+00:00,1,82.33,0.05,0.18,45.48,0.17,1.89,3.52,0.47
Antananarivo,-18.8792,47.5079,2026-05-20 08:00:00+00:00,1,74.06,0.03,0.1,47.17,0.14,1.76,3.13,0.38
Antananarivo,-18.8792,47.5079,2026-05-20 09:00:00+00:00,1,72.18,0.02,0.09,47.01,0.15,1.86,3.16,0.37
Antananarivo,-18.8792,47.5079,2026-05-20 10:00:00+00:00,1,70.78,0.02,0.08,48.97,0.14,1.92,3.03,0.33
Antananarivo,-18.8792,47.5079,2026-05-20 11:00:00+00:00,1,69.71,0.02,0.09,50.05,0.14,1.95,2.96,0.31
Antananarivo,-18.8792,47.5079,2026-05-20 12:00:00+00:00,1,69.87,0.02,0.11,49.93,0.14,2.01,2.99,0.32
Antananarivo,-18.8792,47.5079,2026-05-20 13:00:00+00:00,1,75.16,0.03,0.23,47.22,0.16,2.25,3.43,0.46
Antananarivo,-18.8792,47.5079,2026-05-20 14:00:00+00:00,1,85.03,0.03,0.51,42.84,0.2,2.68,4.24,0.69
Antananarivo,-18.8792,47.5079,2026-05-20 15:00:00+00:00,1,96.07,0.0,0.85,39.46,0.23,3.14,5.11,0.88
Antananarivo,-18.8792,47.5079,2026-05-20 16:00:00+00:00,1,110.24,0.0,1.15,35.52,0.26,3.76,6.4,1.04
Antananarivo,-18.8792,47.5079,2026-05-20 17:00:00+00:00,1,128.88,0.0,1.42,31.93,0.3,4.61,8.1,1.22
Antananarivo,-18.8792,47.5079,2026-05-20 18:00:00+00:00,1,143.71,0.0,1.58,29.2,0.3,5.35,9.48,1.26
Antananarivo,-18.8792,47.5079,2026-05-20 19:00:00+00:00,1,154.32,0.0,1.68,26.67,0.3,5.89,10.34,1.31
Antananarivo,-18.8792,47.5079,2026-05-20 20:00:00+00:00,1,162.18,0.0,1.76,24.49,0.28,6.21,10.73,1.35
Antananarivo,-18.8792,47.5079,2026-05-20 21:00:00+00:00,1,160.79,0.0,1.73,22.78,0.22,6.04,10.14,1.28
Antananarivo,-18.8792,47.5079,2026-05-20 22:00:00+00:00,1,155.98,0.0,1.65,21.67,0.19,5.76,9.37,1.25
Antananarivo,-18.8792,47.5079,2026-05-20 23:00:00+00:00,1,153.53,0.0,1.58,21.1,0.17,5.62,8.97,1.1
Antananarivo,-18.8792,47.5079,2026-05-21 00:00:00+00:00,1,149.56,0.0,1.5,21.35,0.15,5.4,8.56,0.94
Antananarivo,-18.8792,47.5079,2026-05-21 01:00:00+00:00,1,139.16,0.0,1.3,22.83,0.14,4.78,7.57,0.8
Antananarivo,-18.8792,47.5079,2026-05-21 02:00:00+00:00,1,133.31,0.0,1.19,22.9,0.11,4.33,6.89,0.62
Antananarivo,-18.8792,47.5079,2026-05-21 03:00:00+00:00,1,130.84,0.0,1.15,22.66,0.1,4.07,6.37,0.49
Antananarivo,-18.8792,47.5079,2026-05-21 04:00:00+00:00,1,128.0,0.01,1.12,23.61,0.12,3.77,6.09,0.41
Antananarivo,-18.8792,47.5079,2026-05-21 05:00:00+00:00,1,127.33,0.09,1.03,24.71,0.15,3.53,6.32,0.49
Antananarivo,-18.8792,47.5079,2026-05-21 06:00:00+00:00,1,123.48,0.16,0.76,27.62,0.17,3.29,6.18,0.7
Antananarivo,-18.8792,47.5079,2026-05-21 07:00:00+00:00,1,78.91,0.04,0.19,40.97,0.14,1.23,2.43,0.38
Antananarivo,-18.8792,47.5079,2026-05-21 08:00:00+00:00,1,72.54,0.02,0.11,44.37,0.13,1.13,2.12,0.33
Antananarivo,-18.8792,47.5079,2026-05-21 09:00:00+00:00,1,70.78,0.02,0.09,45.15,0.14,1.16,2.12,0.33
Antananarivo,-18.8792,47.5079,2026-05-21 10:00:00+00:00,1,71.4,0.02,0.11,46.41,0.14,1.28,2.25,0.35
Antananarivo,-18.8792,47.5079,2026-05-21 11:00:00+00:00,1,72.14,0.02,0.14,46.47,0.15,1.4,2.43,0.39
Antananarivo,-18.8792,47.5079,2026-05-21 12:00:00+00:00,1,73.3,0.02,0.19,45.66,0.16,1.5,2.58,0.42
Antananarivo,-18.8792,47.5079,2026-05-21 13:00:00+00:00,1,77.34,0.02,0.3,43.9,0.18,1.68,2.92,0.56
Antananarivo,-18.8792,47.5079,2026-05-21 14:00:00+00:00,1,84.25,0.01,0.53,41.07,0.21,1.94,3.45,0.76
Antananarivo,-18.8792,47.5079,2026-05-21 15:00:00+00:00,1,91.87,0.0,0.76,38.57,0.23,2.22,4.0,0.91
Antananarivo,-18.8792,47.5079,2026-05-21 16:00:00+00:00,1,99.32,0.0,0.93,35.72,0.25,2.5,4.6,1.02
Antananarivo,-18.8792,47.5079,2026-05-21 17:00:00+00:00,1,108.8,0.0,1.07,33.23,0.25,2.85,5.33,1.1
Antananarivo,-18.8792,47.5079,2026-05-21 18:00:00+00:00,1,116.69,0.0,1.15,31.21,0.23,3.14,5.89,1.05
Antananarivo,-18.8792,47.5079,2026-05-21 19:00:00+00:00,1,118.4,0.0,1.13,29.98,0.2,3.15,5.92,0.82
Antananarivo,-18.8792,47.5079,2026-05-21 20:00:00+00:00,1,118.61,0.0,1.1,28.85,0.17,3.08,5.85,0.51
Antananarivo,-18.8792,47.5079,2026-05-21 21:00:00+00:00,1,113.9,0.0,1.01,28.08,0.12,2.75,5.19,0.28
Antananarivo,-18.8792,47.5079,2026-05-21 22:00:00+00:00,1,107.3,0.0,0.9,27.47,0.08,2.36,4.02,0.2
Antananarivo,-18.8792,47.5079,2026-05-21 23:00:00+00:00,1,102.17,0.0,0.8,27.15,0.07,2.05,3.22,0.19
Antananarivo,-18.8792,47.5079,2026-05-22 00:00:00+00:00,1,97.16,0.0,0.71,27.23,0.06,1.77,2.74,0.19
Antananarivo,-18.8792,47.5079,2026-05-22 01:00:00+00:00,1,92.89,0.0,0.64,27.44,0.06,1.55,2.48,0.2
Antananarivo,-18.8792,47.5079,2026-05-22 02:00:00+00:00,1,89.82,0.0,0.6,27.49,0.06,1.42,2.34,0.2
Antananarivo,-18.8792,47.5079,2026-05-22 03:00:00+00:00,1,88.39,0.0,0.59,27.69,0.06,1.36,2.34,0.21
Antananarivo,-18.8792,47.5079,2026-05-22 04:00:00+00:00,1,90.32,0.0,0.64,28.22,0.09,1.42,2.77,0.26
Antananarivo,-18.8792,47.5079,2026-05-22 05:00:00+00:00,1,94.78,0.07,0.66,29.3,0.13,1.58,3.55,0.37
Antananarivo,-18.8792,47.5079,2026-05-22 06:00:00+00:00,1,98.38,0.14,0.53,32.24,0.16,1.83,4.21,0.58
Antananarivo,-18.8792,47.5079,2026-05-22 07:00:00+00:00,1,75.39,0.04,0.19,44.14,0.14,1.23,2.58,0.38
Antananarivo,-18.8792,47.5079,2026-05-22 08:00:00+00:00,1,72.47,0.03,0.12,46.05,0.14,1.34,2.51,0.36
Antananarivo,-18.8792,47.5079,2026-05-22 09:00:00+00:00,1,71.74,0.02,0.09,46.12,0.15,1.41,2.54,0.37
Antananarivo,-18.8792,47.5079,2026-05-22 10:00:00+00:00,1,71.41,0.02,0.09,47.74,0.15,1.52,2.56,0.35
Antananarivo,-18.8792,47.5079,2026-05-22 11:00:00+00:00,1,70.25,0.02,0.1,48.67,0.15,1.57,2.54,0.33
Antananarivo,-18.8792,47.5079,2026-05-22 12:00:00+00:00,1,69.93,0.01,0.12,48.71,0.15,1.6,2.55,0.33
Antananarivo,-18.8792,47.5079,2026-05-22 13:00:00+00:00,1,73.72,0.01,0.24,47.01,0.17,1.76,2.87,0.44
Antananarivo,-18.8792,47.5079,2026-05-22 14:00:00+00:00,1,81.18,0.01,0.48,43.86,0.19,2.02,3.45,0.61
Antananarivo,-18.8792,47.5079,2026-05-22 15:00:00+00:00,1,89.2,0.0,0.72,41.1,0.21,2.3,4.06,0.73
Antananarivo,-18.8792,47.5079,2026-05-22 16:00:00+00:00,1,96.83,0.0,0.89,38.01,0.22,2.56,4.72,0.82
Antananarivo,-18.8792,47.5079,2026-05-22 17:00:00+00:00,1,104.59,0.0,1.0,35.69,0.22,2.84,5.42,0.88
Antananarivo,-18.8792,47.5079,2026-05-22 18:00:00+00:00,1,109.37,0.0,1.01,34.05,0.2,2.99,5.83,0.73
Antananarivo,-18.8792,47.5079,2026-05-22 19:00:00+00:00,1,111.44,0.0,1.0,32.2,0.18,3.01,6.03,0.48
Antananarivo,-18.8792,47.5079,2026-05-22 20:00:00+00:00,1,114.22,0.0,1.02,30.67,0.15,2.99,6.08,0.35
Antananarivo,-18.8792,47.5079,2026-05-22 21:00:00+00:00,1,111.46,0.0,0.95,29.74,0.11,2.71,5.59,0.26
Antananarivo,-18.8792,47.5079,2026-05-22 22:00:00+00:00,1,107.64,0.0,0.88,28.56,0.08,2.44,4.94,0.21
Antananarivo,-18.8792,47.5079,2026-05-22 23:00:00+00:00,1,105.72,0.0,0.84,26.98,0.06,2.28,4.21,0.21
Antananarivo,-18.8792,47.5079,2026-05-23 00:00:00+00:00,1,103.39,0.0,0.8,25.8,0.05,2.11,3.67,0.22
Antananarivo,-18.8792,47.5079,2026-05-23 01:00:00+00:00,1,101.58,0.0,0.78,24.21,0.05,1.98,3.38,0.24
Antananarivo,-18.8792,47.5079,2026-05-23 02:00:00+00:00,1,101.91,0.0,0.8,22.32,0.05,1.94,3.35,0.26
Antananarivo,-18.8792,47.5079,2026-05-23 03:00:00+00:00,1,103.18,0.0,0.83,21.21,0.06,1.97,3.56,0.29
Antananarivo,-18.8792,47.5079,2026-05-23 04:00:00+00:00,1,105.3,0.01,0.89,21.71,0.1,2.03,4.08,0.36
Antananarivo,-18.8792,47.5079,2026-05-23 05:00:00+00:00,1,108.07,0.14,0.77,22.99,0.13,2.12,4.64,0.48
Antananarivo,-18.8792,47.5079,2026-05-23 06:00:00+00:00,1,107.61,0.19,0.55,26.53,0.15,2.25,4.9,0.69
Antananarivo,-18.8792,47.5079,2026-05-23 07:00:00+00:00,1,73.45,0.04,0.13,45.3,0.12,1.15,2.11,0.32
Antananarivo,-18.8792,47.5079,2026-05-23 08:00:00+00:00,1,69.42,0.03,0.08,48.04,0.11,1.17,1.95,0.28
Antananarivo,-18.8792,47.5079,2026-05-23 09:00:00+00:00,1,67.69,0.02,0.07,48.5,0.1,1.17,1.91,0.28
Antananarivo,-18.8792,47.5079,2026-05-23 10:00:00+00:00,1,66.37,0.02,0.06,51.64,0.1,1.16,1.81,0.25
Antananarivo,-18.8792,47.5079,2026-05-23 11:00:00+00:00,1,64.73,0.02,0.07,53.65,0.1,1.14,1.72,0.23
Antananarivo,-18.8792,47.5079,2026-05-23 12:00:00+00:00,1,63.82,0.02,0.08,53.85,0.1,1.14,1.7,0.24
Antananarivo,-18.8792,47.5079,2026-05-23 13:00:00+00:00,1,67.38,0.03,0.17,51.25,0.12,1.29,2.04,0.35
Antananarivo,-18.8792,47.5079,2026-05-23 14:00:00+00:00,1,74.44,0.03,0.38,46.49,0.14,1.58,2.67,0.54
Antananarivo,-18.8792,47.5079,2026-05-23 15:00:00+00:00,1,82.44,0.0,0.65,42.21,0.16,1.9,3.34,0.68
Antananarivo,-18.8792,47.5079,2026-05-23 16:00:00+00:00,1,93.33,0.0,0.91,36.85,0.18,2.37,4.37,0.79
Antananarivo,-18.8792,47.5079,2026-05-23 17:00:00+00:00,1,109.79,0.0,1.2,31.69,0.21,3.1,5.94,0.93
Antananarivo,-18.8792,47.5079,2026-05-23 18:00:00+00:00,1,125.76,0.0,1.44,27.58,0.23,3.9,7.49,1.1
Antananarivo,-18.8792,47.5079,2026-05-23 19:00:00+00:00,1,137.87,0.0,1.6,24.49,0.25,4.53,8.62,1.34
Antananarivo,-18.8792,47.5079,2026-05-23 20:00:00+00:00,1,145.71,0.0,1.71,22.89,0.27,4.91,9.27,1.47
Antananarivo,-18.8792,47.5079,2026-05-23 21:00:00+00:00,1,145.76,0.0,1.71,22.35,0.27,4.88,9.12,1.54
Antananarivo,-18.8792,47.5079,2026-05-23 22:00:00+00:00,1,141.71,0.0,1.66,22.97,0.27,4.65,8.57,1.61
Antananarivo,-18.8792,47.5079,2026-05-23 23:00:00+00:00,1,138.23,0.0,1.58,23.88,0.27,4.42,8.02,1.66
Antananarivo,-18.8792,47.5079,2026-05-24 00:00:00+00:00,1,134.91,0.0,1.51,24.79,0.27,4.2,7.51,1.73
Antananarivo,-18.8792,47.5079,2026-05-24 01:00:00+00:00,1,133.46,0.0,1.47,25.15,0.28,4.05,7.11,1.81
Antananarivo,-18.8792,47.5079,2026-05-24 02:00:00+00:00,1,132.85,0.0,1.44,25.0,0.29,3.98,6.87,1.88
Antananarivo,-18.8792,47.5079,2026-05-24 03:00:00+00:00,1,132.74,0.0,1.43,25.26,0.3,3.94,6.76,1.93
Antananarivo,-18.8792,47.5079,2026-05-24 04:00:00+00:00,1,135.21,0.02,1.43,25.24,0.29,3.99,7.13,1.66
Antananarivo,-18.8792,47.5079,2026-05-24 05:00:00+00:00,1,138.97,0.23,1.11,25.77,0.25,4.14,7.72,1.36
Antananarivo,-18.8792,47.5079,2026-05-24 06:00:00+00:00,1,140.98,0.25,0.75,30.69,0.25,4.71,8.47,1.28
Antananarivo,-18.8792,47.5079,2026-05-24 07:00:00+00:00,1,82.48,0.05,0.17,47.08,0.25,2.27,3.68,0.51
Antananarivo,-18.8792,47.5079,2026-05-24 08:00:00+00:00,1,76.47,0.03,0.1,48.66,0.21,2.2,3.35,0.42
Antananarivo,-18.8792,47.5079,2026-05-24 09:00:00+00:00,1,74.61,0.02,0.09,48.34,0.2,2.21,3.29,0.41
Antananarivo,-18.8792,47.5079,2026-05-24 10:00:00+00:00,1,73.46,0.02,0.08,50.73,0.19,2.28,3.26,0.38
Antananarivo,-18.8792,47.5079,2026-05-24 11:00:00+00:00,1,73.37,0.02,0.09,51.01,0.19,2.45,3.41,0.39
Antananarivo,-18.8792,47.5079,2026-05-24 12:00:00+00:00,1,74.07,0.02,0.1,50.39,0.19,2.61,3.57,0.4
Antananarivo,-18.8792,47.5079,2026-05-24 13:00:00+00:00,1,76.13,0.02,0.16,48.45,0.19,2.79,3.84,0.46
Antananarivo,-18.8792,47.5079,2026-05-24 14:00:00+00:00,1,79.57,0.01,0.28,46.34,0.2,3.01,4.25,0.57
Antananarivo,-18.8792,47.5079,2026-05-24 15:00:00+00:00,1,83.54,0.0,0.4,45.04,0.21,3.26,4.7,0.67
Antananarivo,-18.8792,47.5079,2026-05-24 16:00:00+00:00,1,89.49,0.0,0.55,42.41,0.22,3.56,5.3,0.8
Antananarivo,-18.8792,47.5079,2026-05-24 17:00:00+00:00,1,99.68,0.0,0.74,38.97,0.25,3.99,6.18,0.97
Antananarivo,-18.8792,47.5079,2026-05-24 18:00:00+00:00,1,108.89,0.0,0.89,35.71,0.25,4.39,6.99,1.05
Antananarivo,-18.8792,47.5079,2026-05-24 19:00:00+00:00,1,118.36,0.0,1.04,31.85,0.23,4.78,7.77,0.99
Antananarivo,-18.8792,47.5079,2026-05-24 20:00:00+00:00,1,128.11,0.0,1.2,28.38,0.21,5.15,8.47,1.0
Antananarivo,-18.8792,47.5079,2026-05-24 21:00:00+00:00,1,131.72,0.0,1.27,25.88,0.18,5.24,8.62,0.95
Antananarivo,-18.8792,47.5079,2026-05-24 22:00:00+00:00,1,134.9,0.0,1.35,24.36,0.19,5.36,8.8,1.11
Antananarivo,-18.8792,47.5079,2026-05-24 23:00:00+00:00,1,140.58,0.0,1.46,23.38,0.23,5.61,9.24,1.39
Antananarivo,-18.8792,47.5079,2026-05-25 00:00:00+00:00,1,146.51,0.0,1.56,22.63,0.27,5.86,9.7,1.65
Antananarivo,-18.8792,47.5079,2026-05-25 01:00:00+00:00,1,151.64,0.0,1.64,22.23,0.3,6.09,10.12,1.9
Antananarivo,-18.8792,47.5079,2026-05-25 02:00:00+00:00,1,157.32,0.0,1.75,21.64,0.34,6.39,10.56,2.17
Antananarivo,-18.8792,47.5079,2026-05-25 03:00:00+00:00,1,164.06,0.0,1.86,21.11,0.39,6.77,11.08,2.44
Antananarivo,-18.8792,47.5079,2026-05-25 04:00:00+00:00,1,175.57,0.02,1.98,19.66,0.37,7.26,12.2,2.02
Antananarivo,-18.8792,47.5079,2026-05-25 05:00:00+00:00,1,186.17,0.32,1.58,19.96,0.33,7.67,13.2,1.6
Antananarivo,-18.8792,47.5079,2026-05-25 06:00:00+00:00,1,184.61,0.33,1.0,26.63,0.33,8.05,13.47,1.52
Antananarivo,-18.8792,47.5079,2026-05-25 07:00:00+00:00,1,107.9,0.06,0.21,43.82,0.28,4.83,7.32,0.78
Antananarivo,-18.8792,47.5079,2026-05-25 08:00:00+00:00,1,97.84,0.03,0.12,46.37,0.24,4.51,6.57,0.66
Antananarivo,-18.8792,47.5079,2026-05-25 09:00:00+00:00,1,95.54,0.03,0.1,47.04,0.23,4.55,6.52,0.64
Antananarivo,-18.8792,47.5079,2026-05-25 10:00:00+00:00,1,93.7,0.02,0.09,49.2,0.22,4.78,6.65,0.61
Antananarivo,-18.8792,47.5079,2026-05-25 11:00:00+00:00,1,93.32,0.02,0.1,49.49,0.21,4.95,6.75,0.61
Antananarivo,-18.8792,47.5079,2026-05-25 12:00:00+00:00,1,93.68,0.02,0.12,49.06,0.21,5.07,6.86,0.62
Antananarivo,-18.8792,47.5079,2026-05-25 13:00:00+00:00,1,96.97,0.02,0.21,46.98,0.21,5.35,7.29,0.67
Antananarivo,-18.8792,47.5079,2026-05-25 14:00:00+00:00,1,102.48,0.01,0.4,43.79,0.22,5.82,8.11,0.78
Antananarivo,-18.8792,47.5079,2026-05-25 15:00:00+00:00,1,108.81,0.0,0.59,41.13,0.22,6.33,9.02,0.86
Antananarivo,-18.8792,47.5079,2026-05-25 16:00:00+00:00,1,114.57,0.0,0.73,38.39,0.23,6.71,9.88,0.94
Antananarivo,-18.8792,47.5079,2026-05-25 17:00:00+00:00,1,121.17,0.0,0.84,36.41,0.24,7.11,10.75,0.96
Antananarivo,-18.8792,47.5079,2026-05-25 18:00:00+00:00,1,125.82,0.0,0.9,35.38,0.25,7.43,11.39,0.94
Antananarivo,-18.8792,47.5079,2026-05-25 19:00:00+00:00,1,139.31,0.0,1.12,32.36,0.28,8.16,12.73,1.16
Antananarivo,-18.8792,47.5079,2026-05-25 20:00:00+00:00,1,159.21,0.0,1.44,28.01,0.28,9.22,14.45,1.29
Antananarivo,-18.8792,47.5079,2026-05-25 21:00:00+00:00,1,169.04,0.0,1.59,24.3,0.22,9.79,14.7,1.15
Antananarivo,-18.8792,47.5079,2026-05-25 22:00:00+00:00,2,173.36,0.0,1.64,21.27,0.18,10.03,14.33,1.02
Antananarivo,-18.8792,47.5079,2026-05-25 23:00:00+00:00,2,177.83,0.0,1.65,19.2,0.15,10.27,14.27,0.91
Antananarivo,-18.8792,47.5079,2026-05-26 00:00:00+00:00,2,181.74,0.0,1.65,17.73,0.14,10.49,14.4,0.81
Antananarivo,-18.8792,47.5079,2026-05-26 01:00:00+00:00,2,182.0,0.0,1.62,17.18,0.14,10.55,14.38,0.77
Antananarivo,-18.8792,47.5079,2026-05-26 02:00:00+00:00,2,184.23,0.0,1.61,16.8,0.14,10.68,14.51,0.79
Antananarivo,-18.8792,47.5079,2026-05-26 03:00:00+00:00,2,187.97,0.0,1.65,16.97,0.16,10.89,14.9,0.87
Antananarivo,-18.8792,47.5079,2026-05-26 04:00:00+00:00,2,196.24,0.02,1.77,17.76,0.22,11.17,15.96,1.12
Antananarivo,-18.8792,47.5079,2026-05-26 05:00:00+00:00,2,205.69,0.3,1.47,19.21,0.27,11.46,17.07,1.26
Antananarivo,-18.8792,47.5079,2026-05-26 06:00:00+00:00,2,209.64,0.35,1.03,25.2,0.28,12.2,18.06,1.23
Antananarivo,-18.8792,47.5079,2026-05-26 07:00:00+00:00,1,126.52,0.07,0.26,41.58,0.28,7.56,10.58,0.84
Antananarivo,-18.8792,47.5079,2026-05-26 08:00:00+00:00,1,113.62,0.04,0.15,44.56,0.24,6.58,9.12,0.78
Antananarivo,-18.8792,47.5079,2026-05-26 09:00:00+00:00,1,110.63,0.03,0.13,45.27,0.23,6.29,8.7,0.78
Antananarivo,-18.8792,47.5079,2026-05-26 10:00:00+00:00,1,108.19,0.02,0.12,47.33,0.22,6.06,8.31,0.76
Antananarivo,-18.8792,47.5079,2026-05-26 11:00:00+00:00,1,106.71,0.02,0.13,47.71,0.22,5.99,8.12,0.75
Antananarivo,-18.8792,47.5079,2026-05-26 12:00:00+00:00,1,106.21,0.02,0.15,47.01,0.21,6.01,8.09,0.74
Antananarivo,-18.8792,47.5079,2026-05-26 13:00:00+00:00,1,109.19,0.03,0.27,44.45,0.23,6.2,8.34,0.8
Antananarivo,-18.8792,47.5079,2026-05-26 14:00:00+00:00,1,115.67,0.01,0.53,40.48,0.25,6.56,8.91,0.9
Antananarivo,-18.8792,47.5079,2026-05-26 15:00:00+00:00,1,122.96,0.0,0.78,37.49,0.26,6.89,9.5,0.96
Antananarivo,-18.8792,47.5079,2026-05-26 16:00:00+00:00,1,136.06,0.0,1.09,33.5,0.29,7.46,10.69,1.13
Antananarivo,-18.8792,47.5079,2026-05-26 17:00:00+00:00,1,157.88,0.0,1.47,29.22,0.32,8.47,12.72,1.35
Antananarivo,-18.8792,47.5079,2026-05-26 18:00:00+00:00,1,178.01,0.0,1.74,25.81,0.33,9.48,14.4,1.44
Antananarivo,-18.8792,47.5079,2026-05-26 19:00:00+00:00,2,194.24,0.0,1.93,23.05,0.34,10.35,15.71,1.51
Antananarivo,-18.8792,47.5079,2026-05-26 20:00:00+00:00,2,204.97,0.0,2.06,21.43,0.35,10.89,16.4,1.57
Antananarivo,-18.8792,47.5079,2026-05-26 21:00:00+00:00,2,204.86,0.0,2.07,20.69,0.34,10.81,15.98,1.59
Antananarivo,-18.8792,47.5079,2026-05-26 22:00:00+00:00,2,201.97,0.0,2.04,20.36,0.34,10.51,15.29,1.75
Antananarivo,-18.8792,47.5079,2026-05-26 23:00:00+00:00,2,204.16,0.0,2.08,19.82,0.36,10.51,15.21,2.0
Antananarivo,-18.8792,47.5079,2026-05-27 00:00:00+00:00,2,206.46,0.0,2.13,19.66,0.39,10.5,15.24,2.26
Antananarivo,-18.8792,47.5079,2026-05-27 01:00:00+00:00,2,207.02,0.0,2.14,19.66,0.41,10.39,15.1,2.46
Antananarivo,-18.8792,47.5079,2026-05-27 02:00:00+00:00,2,207.08,0.0,2.1,19.22,0.39,10.21,14.84,2.41
Antananarivo,-18.8792,47.5079,2026-05-27 03:00:00+00:00,2,208.03,0.0,2.05,18.57,0.33,10.05,14.61,1.94
Antananarivo,-18.8792,47.5079,2026-05-27 04:00:00+00:00,1,212.16,0.02,2.05,18.2,0.26,9.82,14.74,1.07
Antananarivo,-18.8792,47.5079,2026-05-27 05:00:00+00:00,1,216.25,0.29,1.67,19.26,0.26,9.55,15.11,0.88
Antananarivo,-18.8792,47.5079,2026-05-27 06:00:00+00:00,1,212.62,0.32,1.13,25.2,0.26,9.6,15.23,1.01
Antananarivo,-18.8792,47.5079,2026-05-27 07:00:00+00:00,1,127.51,0.06,0.25,43.14,0.24,4.71,7.34,0.87
Antananarivo,-18.8792,47.5079,2026-05-27 08:00:00+00:00,1,113.77,0.03,0.13,47.56,0.2,4.06,6.09,0.75
Antananarivo,-18.8792,47.5079,2026-05-27 09:00:00+00:00,1,109.55,0.03,0.11,48.34,0.19,3.87,5.72,0.71
Antananarivo,-18.8792,47.5079,2026-05-27 10:00:00+00:00,1,105.41,0.02,0.1,51.86,0.17,3.71,5.18,0.64
Antananarivo,-18.8792,47.5079,2026-05-27 11:00:00+00:00,1,100.26,0.02,0.1,54.39,0.16,3.45,4.64,0.57
Antananarivo,-18.8792,47.5079,2026-05-27 12:00:00+00:00,1,97.63,0.02,0.11,54.84,0.15,3.3,4.37,0.53
Antananarivo,-18.8792,47.5079,2026-05-27 13:00:00+00:00,1,101.62,0.03,0.24,51.96,0.17,3.57,4.86,0.66
Antananarivo,-18.8792,47.5079,2026-05-27 14:00:00+00:00,1,111.38,0.03,0.53,47.65,0.22,4.18,5.9,0.89
Antananarivo,-18.8792,47.5079,2026-05-27 15:00:00+00:00,1,121.96,0.0,0.89,43.87,0.25,4.75,6.94,1.05
Antananarivo,-18.8792,47.5079,2026-05-27 16:00:00+00:00,1,138.42,0.0,1.26,38.88,0.29,5.53,8.52,1.28
Antananarivo,-18.8792,47.5079,2026-05-27 17:00:00+00:00,1,163.39,0.0,1.69,33.77,0.33,6.7,10.61,1.46
Antananarivo,-18.8792,47.5079,2026-05-27 18:00:00+00:00,1,186.25,0.0,1.99,29.64,0.34,7.77,12.25,1.41
Antananarivo,-18.8792,47.5079,2026-05-27 19:00:00+00:00,1,203.14,0.0,2.17,25.53,0.3,8.41,13.1,1.05
Antananarivo,-18.8792,47.5079,2026-05-27 20:00:00+00:00,1,213.31,0.0,2.24,22.79,0.26,8.65,13.42,0.86
Antananarivo,-18.8792,47.5079,2026-05-27 21:00:00+00:00,1,210.71,0.0,2.16,21.09,0.2,8.35,12.8,0.74
Antananarivo,-18.8792,47.5079,2026-05-27 22:00:00+00:00,1,204.99,0.0,2.06,20.4,0.2,8.01,12.15,0.92
Antananarivo,-18.8792,47.5079,2026-05-27 23:00:00+00:00,1,202.78,0.0,2.03,20.21,0.24,7.87,11.92,1.22
Antananarivo,-18.8792,47.5079,2026-05-28 00:00:00+00:00,1,200.47,0.0,1.99,20.24,0.27,7.73,11.76,1.49
Antananarivo,-18.8792,47.5079,2026-05-28 01:00:00+00:00,1,197.82,0.0,1.95,20.62,0.3,7.53,11.51,1.75
Antananarivo,-18.8792,47.5079,2026-05-28 02:00:00+00:00,1,195.12,0.0,1.91,21.29,0.33,7.3,11.24,1.99
Antananarivo,-18.8792,47.5079,2026-05-28 03:00:00+00:00,1,193.41,0.0,1.89,22.18,0.36,7.14,11.13,2.23
Antananarivo,-18.8792,47.5079,2026-05-28 04:00:00+00:00,1,192.44,0.02,1.88,23.54,0.36,6.95,11.47,1.94
Antananarivo,-18.8792,47.5079,2026-05-28 05:00:00+00:00,1,195.95,0.25,1.54,24.19,0.31,7.02,12.18,1.21
Antananarivo,-18.8792,47.5079,2026-05-28 06:00:00+00:00,1,197.57,0.31,1.07,29.24,0.29,7.67,12.94,1.13
Antananarivo,-18.8792,47.5079,2026-05-28 07:00:00+00:00,1,115.27,0.06,0.26,46.07,0.27,3.58,5.63,0.73
Antananarivo,-18.8792,47.5079,2026-05-28 08:00:00+00:00,1,104.56,0.03,0.15,49.43,0.21,3.23,4.77,0.61
Antananarivo,-18.8792,47.5079,2026-05-28 09:00:00+00:00,1,99.85,0.03,0.12,50.41,0.2,3.11,4.47,0.56
Antananarivo,-18.8792,47.5079,2026-05-28 10:00:00+00:00,1,98.38,0.02,0.13,51.95,0.19,3.12,4.38,0.55
Antananarivo,-18.8792,47.5079,2026-05-28 11:00:00+00:00,1,99.48,0.03,0.15,52.14,0.2,3.34,4.65,0.62
Antananarivo,-18.8792,47.5079,2026-05-28 12:00:00+00:00,1,100.4,0.03,0.19,52.24,0.21,3.53,4.89,0.69
Antananarivo,-18.8792,47.5079,2026-05-28 13:00:00+00:00,1,106.75,0.04,0.34,50.05,0.24,3.98,5.58,0.88
Antananarivo,-18.8792,47.5079,2026-05-28 14:00:00+00:00,1,117.53,0.03,0.68,45.72,0.26,4.61,6.61,1.1
Antananarivo,-18.8792,47.5079,2026-05-28 15:00:00+00:00,1,129.39,0.0,1.05,41.5,0.28,5.22,7.65,1.22
Antananarivo,-18.8792,47.5079,2026-05-28 16:00:00+00:00,1,140.49,0.0,1.31,36.71,0.27,5.71,8.64,1.19
Antananarivo,-18.8792,47.5079,2026-05-28 17:00:00+00:00,1,152.9,0.0,1.48,32.92,0.27,6.21,9.63,0.98
Antananarivo,-18.8792,47.5079,2026-05-28 18:00:00+00:00,1,162.83,0.0,1.57,30.27,0.25,6.61,10.19,0.73
Antananarivo,-18.8792,47.5079,2026-05-28 19:00:00+00:00,1,172.54,0.0,1.67,27.27,0.24,7.1,10.98,0.62
Antananarivo,-18.8792,47.5079,2026-05-28 20:00:00+00:00,1,183.02,0.0,1.79,24.08,0.21,7.67,11.86,0.57
Antananarivo,-18.8792,47.5079,2026-05-28 21:00:00+00:00,1,184.44,0.0,1.8,21.41,0.16,7.76,11.75,0.5
Antananarivo,-18.8792,47.5079,2026-05-28 22:00:00+00:00,1,182.41,0.0,1.74,19.28,0.13,7.67,11.33,0.49
Antananarivo,-18.8792,47.5079,2026-05-28 23:00:00+00:00,1,181.51,0.0,1.69,17.55,0.12,7.62,11.06,0.5
Antananarivo,-18.8792,47.5079,2026-05-29 00:00:00+00:00,1,179.32,0.0,1.62,16.24,0.11,7.49,10.71,0.51
Antananarivo,-18.8792,47.5079,2026-05-29 01:00:00+00:00,1,176.28,0.0,1.55,15.21,0.1,7.34,10.42,0.49
Antananarivo,-18.8792,47.5079,2026-05-29 02:00:00+00:00,1,176.51,0.01,1.53,13.77,0.09,7.39,10.57,0.43
Antananarivo,-18.8792,47.5079,2026-05-29 03:00:00+00:00,1,178.93,0.01,1.57,12.58,0.1,7.55,10.96,0.42
Antananarivo,-18.8792,47.5079,2026-05-29 04:00:00+00:00,1,186.27,0.04,1.69,11.82,0.15,7.84,11.88,0.51
Antananarivo,-18.8792,47.5079,2026-05-29 05:00:00+00:00,1,194.59,0.38,1.34,12.78,0.2,8.17,12.9,0.6
Antananarivo,-18.8792,47.5079,2026-05-29 06:00:00+00:00,1,196.08,0.43,1.0,18.91,0.22,8.89,13.88,0.76
Antananarivo,-18.8792,47.5079,2026-05-29 07:00:00+00:00,1,100.13,0.08,0.24,36.56,0.18,3.11,5.03,0.44
Antananarivo,-18.8792,47.5079,2026-05-29 08:00:00+00:00,1,85.97,0.04,0.13,39.76,0.14,2.35,3.82,0.38
Antananarivo,-18.8792,47.5079,2026-05-29 09:00:00+00:00,1,82.02,0.03,0.1,40.38,0.14,2.23,3.62,0.37
Antananarivo,-18.8792,47.5079,2026-05-29 10:00:00+00:00,1,79.74,0.03,0.1,42.89,0.13,2.11,3.27,0.35
Antananarivo,-18.8792,47.5079,2026-05-29 11:00:00+00:00,1,80.77,0.03,0.12,44.13,0.14,2.26,3.42,0.39
Antananarivo,-18.8792,47.5079,2026-05-29 12:00:00+00:00,1,81.81,0.04,0.15,44.6,0.15,2.41,3.62,0.45
Antananarivo,-18.8792,47.5079,2026-05-29 13:00:00+00:00,1,87.36,0.05,0.28,43.07,0.18,2.74,4.18,0.62
Antananarivo,-18.8792,47.5079,2026-05-29 14:00:00+00:00,1,96.83,0.04,0.57,39.41,0.2,3.2,5.0,0.8
Antananarivo,-18.8792,47.5079,2026-05-29 15:00:00+00:00,1,107.25,0.0,0.92,36.04,0.2,3.63,5.78,0.86
Antananarivo,-18.8792,47.5079,2026-05-29 16:00:00+00:00,1,118.47,0.0,1.19,32.29,0.21,4.12,6.78,0.77
Antananarivo,-18.8792,47.5079,2026-05-29 17:00:00+00:00,1,134.43,0.0,1.45,28.6,0.22,4.85,8.26,0.67
Antananarivo,-18.8792,47.5079,2026-05-29 18:00:00+00:00,1,148.93,0.0,1.63,25.45,0.21,5.59,9.65,0.55
Antananarivo,-18.8792,47.5079,2026-05-29 19:00:00+00:00,1,159.99,0.0,1.75,22.57,0.21,6.16,10.7,0.52
Antananarivo,-18.8792,47.5079,2026-05-29 20:00:00+00:00,1,165.7,0.0,1.79,20.53,0.19,6.37,11.18,0.48
Antananarivo,-18.8792,47.5079,2026-05-29 21:00:00+00:00,1,160.88,0.0,1.69,19.39,0.14,6.03,10.67,0.41
Antananarivo,-18.8792,47.5079,2026-05-29 22:00:00+00:00,1,150.99,0.0,1.51,19.15,0.11,5.44,9.65,0.39
Antananarivo,-18.8792,47.5079,2026-05-29 23:00:00+00:00,1,144.32,0.0,1.38,18.63,0.1,5.03,8.97,0.42
Antananarivo,-18.8792,47.5079,2026-05-30 00:00:00+00:00,1,139.07,0.0,1.29,18.31,0.1,4.69,8.49,0.49
Antananarivo,-18.8792,47.5079,2026-05-30 01:00:00+00:00,1,134.79,0.0,1.24,18.47,0.12,4.44,8.1,0.68
Antananarivo,-18.8792,47.5079,2026-05-30 02:00:00+00:00,1,133.03,0.0,1.24,18.5,0.13,4.31,7.87,0.86
Antananarivo,-18.8792,47.5079,2026-05-30 03:00:00+00:00,1,132.8,0.0,1.28,18.48,0.16,4.26,7.8,1.06
Antananarivo,-18.8792,47.5079,2026-05-30 04:00:00+00:00,1,136.45,0.02,1.38,18.45,0.21,4.33,8.25,1.24
Antananarivo,-18.8792,47.5079,2026-05-30 05:00:00+00:00,1,141.69,0.26,1.14,19.62,0.25,4.48,8.83,1.25
Antananarivo,-18.8792,47.5079,2026-05-30 06:00:00+00:00,1,142.86,0.31,0.8,24.81,0.26,4.91,9.23,1.29
Antananarivo,-18.8792,47.5079,2026-05-30 07:00:00+00:00,1,86.67,0.07,0.2,39.85,0.2,2.22,3.68,0.61
Antananarivo,-18.8792,47.5079,2026-05-30 08:00:00+00:00,1,82.26,0.04,0.13,41.98,0.17,2.2,3.38,0.52
Antananarivo,-18.8792,47.5079,2026-05-30 09:00:00+00:00,1,79.49,0.03,0.1,42.27,0.15,2.14,3.18,0.44
Antananarivo,-18.8792,47.5079,2026-05-30 10:00:00+00:00,1,76.38,0.02,0.09,44.68,0.13,1.92,2.75,0.35
Antananarivo,-18.8792,47.5079,2026-05-30 11:00:00+00:00,1,77.91,0.02,0.11,45.04,0.14,2.1,2.99,0.39
Antananarivo,-18.8792,47.5079,2026-05-30 12:00:00+00:00,1,79.46,0.03,0.13,44.7,0.15,2.29,3.24,0.43
Antananarivo,-18.8792,47.5079,2026-05-30 13:00:00+00:00,1,85.1,0.04,0.25,42.03,0.17,2.63,3.78,0.56
Antananarivo,-18.8792,47.5079,2026-05-30 14:00:00+00:00,1,94.68,0.03,0.53,37.83,0.18,3.15,4.61,0.75
Antananarivo,-18.8792,47.5079,2026-05-30 15:00:00+00:00,1,105.26,0.0,0.87,34.44,0.19,3.66,5.47,0.89
Antananarivo,-18.8792,47.5079,2026-05-30 16:00:00+00:00,1,117.36,0.0,1.14,30.89,0.21,4.25,6.56,1.0
Antananarivo,-18.8792,47.5079,2026-05-30 17:00:00+00:00,1,133.33,0.0,1.41,27.38,0.23,5.01,8.01,1.14
Antananarivo,-18.8792,47.5079,2026-05-30 18:00:00+00:00,1,147.37,0.0,1.59,24.59,0.23,5.7,9.22,1.2
Antananarivo,-18.8792,47.5079,2026-05-30 19:00:00+00:00,1,158.01,0.0,1.72,22.24,0.24,6.26,10.13,1.22
Antananarivo,-18.8792,47.5079,2026-05-30 20:00:00+00:00,1,165.64,0.0,1.82,20.25,0.22,6.68,10.73,1.09
Antananarivo,-18.8792,47.5079,2026-05-30 21:00:00+00:00,1,166.33,0.0,1.82,18.56,0.17,6.72,10.58,0.86
Antananarivo,-18.8792,47.5079,2026-05-30 22:00:00+00:00,1,164.97,0.0,1.78,17.19,0.15,6.63,10.21,0.82
Antananarivo,-18.8792,47.5079,2026-05-30 23:00:00+00:00,1,165.04,0.0,1.77,16.6,0.16,6.58,9.97,0.99
Antananarivo,-18.8792,47.5079,2026-05-31 00:00:00+00:00,1,164.38,0.0,1.76,16.77,0.18,6.44,9.7,1.22
Antananarivo,-18.8792,47.5079,2026-05-31 01:00:00+00:00,1,161.94,0.0,1.74,17.41,0.21,6.25,9.4,1.46
Antananarivo,-18.8792,47.5079,2026-05-31 02:00:00+00:00,1,160.04,0.0,1.7,17.61,0.22,6.11,9.2,1.6
Antananarivo,-18.8792,47.5079,2026-05-31 03:00:00+00:00,1,159.62,0.0,1.68,17.65,0.22,6.02,9.16,1.57
Antananarivo,-18.8792,47.5079,2026-05-31 04:00:00+00:00,1,162.88,0.02,1.71,17.29,0.22,6.02,9.6,1.26
Antananarivo,-18.8792,47.5079,2026-05-31 05:00:00+00:00,1,167.18,0.3,1.31,18.08,0.22,6.08,10.16,1.0
Antananarivo,-18.8792,47.5079,2026-05-31 06:00:00+00:00,1,168.15,0.34,0.89,23.85,0.21,6.61,10.81,1.02
Antananarivo,-18.8792,47.5079,2026-05-31 07:00:00+00:00,1,92.94,0.05,0.17,42.2,0.18,3.06,4.44,0.48
Antananarivo,-18.8792,47.5079,2026-05-31 08:00:00+00:00,1,85.18,0.03,0.09,44.21,0.14,2.99,4.06,0.4
Antananarivo,-18.8792,47.5079,2026-05-31 09:00:00+00:00,1,83.72,0.02,0.08,44.14,0.14,3.06,4.09,0.39
Antananarivo,-18.8792,47.5079,2026-05-31 10:00:00+00:00,1,82.99,0.02,0.08,45.77,0.13,3.19,4.13,0.37
Antananarivo,-18.8792,47.5079,2026-05-31 11:00:00+00:00,1,82.44,0.02,0.08,46.41,0.13,3.32,4.22,0.36
Antananarivo,-18.8792,47.5079,2026-05-31 12:00:00+00:00,1,82.21,0.02,0.09,46.2,0.14,3.38,4.28,0.36
Antananarivo,-18.8792,47.5079,2026-05-31 13:00:00+00:00,1,87.68,0.04,0.24,42.43,0.15,3.66,4.78,0.51
Antananarivo,-18.8792,47.5079,2026-05-31 14:00:00+00:00,1,98.2,0.03,0.57,37.04,0.17,4.15,5.67,0.73
Antananarivo,-18.8792,47.5079,2026-05-31 15:00:00+00:00,1,109.39,0.0,0.94,32.85,0.19,4.64,6.58,0.89
Antananarivo,-18.8792,47.5079,2026-05-31 16:00:00+00:00,1,119.26,0.0,1.17,29.38,0.2,5.03,7.43,1.0
Antananarivo,-18.8792,47.5079,2026-05-31 17:00:00+00:00,1,128.48,0.0,1.29,26.78,0.2,5.36,8.17,1.04
Antananarivo,-18.8792,47.5079,2026-05-31 18:00:00+00:00,1,134.59,0.0,1.33,24.96,0.19,5.58,8.55,0.93
Antananarivo,-18.8792,47.5079,2026-05-31 19:00:00+00:00,1,136.65,0.0,1.31,23.36,0.17,5.58,8.56,0.72
Antananarivo,-18.8792,47.5079,2026-05-31 20:00:00+00:00,1,142.1,0.0,1.37,21.21,0.15,5.74,8.83,0.49
Antananarivo,-18.8792,47.5079,2026-05-31 21:00:00+00:00,1,140.9,0.0,1.34,19.59,0.11,5.55,8.49,0.33
Antananarivo,-18.8792,47.5079,2026-05-31 22:00:00+00:00,1,139.61,0.0,1.31,17.74,0.09,5.36,8.21,0.32
Antananarivo,-18.8792,47.5079,2026-05-31 23:00:00+00:00,1,140.23,0.0,1.3,15.97,0.08,5.27,8.18,0.35
